version_id,route_id,direction_id,route_long_name,route_desc,valid_from,valid_to,main_shape_id,trip_headsign,parent_version_id,note
100000,MP52,0,,Széll Kálmán tér M / Örs vezér tere M+H,2013-10-18,,V040,Örs vezér tere M+H,,
100001,MP52,1,,Széll Kálmán tér M / Örs vezér tere M+H,2013-10-18,,V041,Széll Kálmán tér M,,
100002,MP525,0,,Széll Kálmán tér M / Örs vezér tere M+H,2013-10-18,,V038,Örs vezér tere M+H,,
100003,MP525,1,,Széll Kálmán tér M / Örs vezér tere M+H,2013-10-18,,V039,Széll Kálmán tér M,,
100004,VP01,0,,Bécsi út (Vörösvári út) / Lehel utca/Róbert Károly körút,2013-10-18,,X032,Lehel utca/Róbert Károly körút,,
100005,VP01,1,,Bécsi út (Vörösvári út) / Lehel utca/Róbert Károly körút,2013-10-18,,X033,Bécsi út (Vörösvári út),,
100006,VP02,0,,Kossuth Lajos tér (Széchenyi rakpart) / Nyugati pályaudvar M,2013-10-18,,V055,Nyugati pályaudvar M,,
100007,VP02,1,,Kossuth Lajos tér (Széchenyi rakpart) / Nyugati pályaudvar M,2013-10-18,,V056,Kossuth Lajos tér (Széchenyi rakpart),,
100008,VP101,0,,"Óbuda, Bogdáni út / Lehel utca/Róbert Károly körút",2013-10-18,,X034,Lehel utca/Róbert Károly körút,,
100009,VP101,1,,"Óbuda, Bogdáni út / Lehel utca/Róbert Károly körút",2013-10-18,,X064,"Óbuda, Bogdáni út",,
100010,VP42,0,,"Határ út M / Kispest, Tulipán utca",2013-10-18,,X162,"Kispest, Tulipán utca",,
100011,VP42,1,,"Határ út M / Kispest, Tulipán utca",2013-10-18,,X163,Határ út M,,
100012,VP61,0,,Széll Kálmán tér M / Hűvösvölgy,2013-10-18,,X017,Hűvösvölgy,,
100013,VP61,1,,Széll Kálmán tér M / Hűvösvölgy,2013-10-18,,X016,Széll Kálmán tér M,,
100014,0050,0,,"Pasaréti tér / Rákospalota, Kossuth utca",2013-10-18,,R952,"Rákospalota, Kossuth utca",,
100015,0050,1,,"Pasaréti tér / Rákospalota, Kossuth utca",2013-10-18,,U961,Pasaréti tér,,
100016,0070,0,,"Albertfalva vasútállomás / Újpalota, Nyírpalota út",2013-10-18,,S704,"Újpalota, Nyírpalota út",,
100017,0070,1,,"Albertfalva vasútállomás / Újpalota, Nyírpalota út",2013-10-18,,S705,Albertfalva vasútállomás,,
100018,0071,0,,Bornemissza tér / Bosnyák tér,2013-10-18,,S710,Bosnyák tér,,
100019,0071,1,,Bornemissza tér / Bosnyák tér,2013-10-18,,S711,Bornemissza tér,,
100020,0075,0,,"Kelenföld vasútállomás / Újpalota, Nyírpalota út",2013-10-18,,S666,"Újpalota, Nyírpalota út",,
100021,0075,1,,"Kelenföld vasútállomás / Újpalota, Nyírpalota út",2013-10-18,,S663,Kelenföld vasútállomás,,
100022,0078,0,,"Cinkotai autóbuszgarázs / Újpalota, Nyírpalota út",2013-10-18,,V014,"Újpalota, Nyírpalota út",,
100023,0080,0,,Uránia / Gazdagréti tér,2013-10-18,,J695,Gazdagréti tér,,
100024,0080,1,,Uránia / Gazdagréti tér,2013-10-18,,V878,Uránia,,
100025,0090,0,,"Óbuda, Bogdáni út / Kőbánya alsó vasútállomás",2013-10-18,,U327,Kőbánya alsó vasútállomás,,
100026,0090,1,,"Óbuda, Bogdáni út / Kőbánya alsó vasútállomás",2013-10-18,,U328,"Óbuda, Bogdáni út",,
100027,0110,0,,Batthyány tér M+H / Nagybányai út,2013-10-18,,0714,Nagybányai út,,
100028,0110,1,,Batthyány tér M+H / Nagybányai út,2013-10-18,,0715,Batthyány tér M+H,,
100029,0130,0,,"Budatétény vasútállomás (Campona) / Diósd, Búzavirág utca",2013-10-18,,C660,"Diósd, Búzavirág utca",,
100030,0130,1,,"Budatétény vasútállomás (Campona) / Diósd, Búzavirág utca",2013-10-18,,B042,Budatétény vasútállomás (Campona),,
100031,0131,0,,"Budatétény vasútállomás (Campona) / Diósd, Sashegyi út",2013-10-18,,N783,"Diósd, Sashegyi út",,
100032,0131,1,,"Budatétény vasútállomás (Campona) / Diósd, Sashegyi út",2013-10-18,,N782,Budatétény vasútállomás (Campona),,
100033,0150,0,,Boráros tér H / Lehel tér M,2013-10-18,,U154,Lehel tér M,,
100034,0150,1,,Boráros tér H / Lehel tér M,2013-10-18,,U155,Boráros tér H,,
100035,0160,0,,Deák Ferenc tér M / Széll Kálmán tér M,2013-10-18,,P702,Széll Kálmán tér M,,
100036,0160,1,,Deák Ferenc tér M / Széll Kálmán tér M,2013-10-18,,P701,Deák Ferenc tér M,,
100037,0161,0,,Dísz tér / Széll Kálmán tér M,2013-10-18,,P630,Széll Kálmán tér M,,
100038,0161,1,,Dísz tér / Széll Kálmán tér M,2013-10-18,,W263,Dísz tér,,
100039,0205,0,,"Keleti pályaudvar M / Káposztásmegyer, Szilas-patak",2013-10-18,,W484,"Káposztásmegyer, Szilas-patak",,
100040,0205,1,,"Keleti pályaudvar M / Káposztásmegyer, Szilas-patak",2013-10-18,,W481,Keleti pályaudvar M,,
100041,0210,0,,"Széll Kálmán tér M / Csillebérc, KFKI",2013-10-18,,N806,"Csillebérc, KFKI",,
100042,0210,1,,"Széll Kálmán tér M / Csillebérc, KFKI",2013-10-18,,N804,Széll Kálmán tér M,,
100043,0211,0,,Széll Kálmán tér M / Normafa,2013-10-18,,N820,Normafa,,
100044,0211,1,,Széll Kálmán tér M / Normafa,2013-10-18,,N819,Széll Kálmán tér M,,
100045,0220,0,,"Széll Kálmán tér M / Budakeszi, Tesco-Parkcenter",2013-10-18,,R306,"Budakeszi, Tesco-Parkcenter",,
100046,0220,1,,"Széll Kálmán tér M / Budakeszi, Tesco-Parkcenter",2013-10-18,,R305,Széll Kálmán tér M,,
100047,0221,0,,"Széll Kálmán tér M / Budakeszi, Dózsa György tér",2013-10-18,,R309,"Budakeszi, Dózsa György tér",,
100048,0221,1,,"Széll Kálmán tér M / Budakeszi, Dózsa György tér",2013-10-18,,R308,Széll Kálmán tér M,,
100049,0230,0,,"Boráros tér H / Pesterzsébet, Ady Endre tér",2013-10-18,,K001,"Pesterzsébet, Ady Endre tér",,
100050,0230,1,,"Boráros tér H / Pesterzsébet, Ady Endre tér",2013-10-18,,K000,Boráros tér H,,
100051,0235,0,,"Boráros tér H / Pesterzsébet, Ady Endre tér",2013-10-18,,U251,"Pesterzsébet, Ady Endre tér",,
100052,0235,1,,"Boráros tér H / Pesterzsébet, Ady Endre tér",2013-10-18,,U252,Boráros tér H,,
100053,0250,0,,Mexikói út M / Újpest-Központ M,2013-10-18,,U542,Újpest-Központ M,,
100054,0250,1,,Mexikói út M / Újpest-Központ M,2013-10-18,,N023,Mexikói út M,,
100055,0260,0,,Nyugati pályaudvar M / Árpád híd M,2013-10-18,,X386,Árpád híd M,,
100056,0260,1,,Nyugati pályaudvar M / Árpád híd M,2013-10-18,,X202,Nyugati pályaudvar M,,
100057,0270,0,,Sánc utca / Móricz Zsigmond körtér,2013-10-18,,0576,Móricz Zsigmond körtér,,
100058,0270,1,,Sánc utca / Móricz Zsigmond körtér,2013-10-18,,0575,Sánc utca,,
100059,0290,0,,Szentlélek tér H / Hűvösvölgy,2013-10-18,,U277,Hűvösvölgy,,
100060,0290,1,,Szentlélek tér H / Hűvösvölgy,2013-10-18,,U006,Szentlélek tér H,,
100061,0300,0,,"Keleti pályaudvar M / Káposztásmegyer, Mogyoródi-patak",2013-10-18,,W486,"Káposztásmegyer, Mogyoródi-patak",,
100062,0300,1,,"Keleti pályaudvar M / Káposztásmegyer, Mogyoródi-patak",2013-10-18,,W485,Keleti pályaudvar M,,
100063,0301,0,,"Keleti pályaudvar M / Megyer, Szondi utca",2013-10-18,,W487,"Megyer, Szondi utca",,
100064,0301,1,,"Keleti pályaudvar M / Megyer, Szondi utca",2013-10-18,,W488,Keleti pályaudvar M,,
100065,0310,0,,"Örs vezér tere M+H / Árpádföld, Bekecs utca",2013-10-18,,C595,"Árpádföld, Bekecs utca",,
100066,0310,1,,"Örs vezér tere M+H / Árpádföld, Bekecs utca",2013-10-18,,C597,Örs vezér tere M+H,,
100067,0320,0,,Árpád híd M / Örs vezér tere M+H,2013-10-18,,H302,Örs vezér tere M+H,,
100068,0320,1,,Árpád híd M / Örs vezér tere M+H,2013-10-18,,E322,Árpád híd M,,
100069,0330,0,,"Móricz Zsigmond körtér / Nagytétény, ipartelep",2013-10-18,,U527,"Nagytétény, ipartelep",,
100070,0330,1,,"Móricz Zsigmond körtér / Nagytétény, ipartelep",2013-10-18,,U528,Móricz Zsigmond körtér,,
100071,0340,0,,"Árpád híd M / Békásmegyer, Újmegyeri tér",2013-10-18,,X382,"Békásmegyer, Újmegyeri tér",,
100072,0340,1,,"Árpád híd M / Békásmegyer, Újmegyeri tér",2013-10-18,,X381,Árpád híd M,,
100073,0350,0,,"Csepel, Csillagtelep / Szentlőrinci úti lakótelep",2013-10-18,,U719,Szentlőrinci úti lakótelep,,
100074,0350,1,,"Csepel, Csillagtelep / Szentlőrinci úti lakótelep",2013-10-18,,U720,"Csepel, Csillagtelep",,
100075,0360,0,,"Csepel, Csillagtelep / Pestszentlőrinc vasútállomás",2013-10-18,,N743,Pestszentlőrinc vasútállomás,,
100076,0360,1,,"Csepel, Csillagtelep / Pestszentlőrinc vasútállomás",2013-10-18,,N742,"Csepel, Csillagtelep",,
100077,0380,0,,"Csepel, Szent Imre tér / Lakihegy, Cseresznyés utca",2013-10-18,,E757,"Lakihegy, Cseresznyés utca",,
100078,0380,1,,"Csepel, Szent Imre tér / Lakihegy, Cseresznyés utca",2013-10-18,,E758,"Csepel, Szent Imre tér",,
100079,0390,0,,Batthyány tér M+H / Goldmark Károly utca,2013-10-18,,0781,Goldmark Károly utca,,
100080,0390,1,,Batthyány tér M+H / Goldmark Károly utca,2013-10-18,,4100,Batthyány tér M+H,,
100081,0400,0,,Móricz Zsigmond körtér / Budaörsi lakótelep,2013-10-18,,0583,Budaörsi lakótelep,,
100082,0400,1,,Móricz Zsigmond körtér / Budaörsi lakótelep,2013-10-18,,0584,Móricz Zsigmond körtér,,
100083,0405,0,,"Móricz Zsigmond körtér / Budaörs, Patkó utca",2013-10-18,,6137,"Budaörs, Patkó utca",,
100084,0405,1,,"Móricz Zsigmond körtér / Budaörs, Patkó utca",2013-10-18,,6136,Móricz Zsigmond körtér,,
100085,0440,0,,Örs vezér tere M+H / Budapesti út,2013-10-18,,X133,Budapesti út,,
100086,0440,1,,Örs vezér tere M+H / Budapesti út,2013-10-18,,X132,Örs vezér tere M+H,,
100087,0450,0,,"Örs vezér tere M+H / Cinkota, Lassú utca",2013-10-18,,A066,"Cinkota, Lassú utca",,
100088,0450,1,,"Örs vezér tere M+H / Cinkota, Lassú utca",2013-10-18,,A067,Örs vezér tere M+H,,
100089,0460,0,,"Újpalota, Nyírpalota út / Rákoskeresztúr, városközpont",2013-10-18,,T413,"Városközpont, Posta",,
100090,0460,1,,"Újpalota, Nyírpalota út / Rákoskeresztúr, városközpont",2013-10-18,,L997,"Újpalota, Nyírpalota út",,
100091,0530,0,,Újbuda-központ / Mindszenty József bíboros tér,2013-10-18,,C569,Mindszenty József bíboros tér,,
100092,0530,1,,Újbuda-központ / Mindszenty József bíboros tér,2013-10-18,,C570,Újbuda-központ,,
100093,0540,0,,"Boráros tér H / Pestszentimre, Ültetvény utca",2013-10-18,,M125,"Pestszentimre, Ültetvény utca",,
100094,0540,1,,"Boráros tér H / Pestszentimre, Ültetvény utca",2013-10-18,,M124,Boráros tér H,,
100095,0550,0,,"Boráros tér H / Gyál, Vecsési út",2013-10-18,,M129,"Gyál, Vecsési út",,
100096,0550,1,,"Boráros tér H / Gyál, Vecsési út",2013-10-18,,M130,Boráros tér H,,
100097,0570,0,,Hűvösvölgy / Hűvösvölgy,2013-10-18,,2375,Hűvösvölgy,,
100098,0580,0,,Savoya Park / Balatoni út (Háros utca),2013-10-18,,H320,Balatoni út (Háros utca),,
100099,0580,1,,Savoya Park / Balatoni út (Háros utca),2013-10-18,,U741,Savoya Park,,
100100,0630,0,,"Hűvösvölgy / Nagykovácsi, Tisza István tér",2013-10-18,,N016,"Nagykovácsi, Tisza István tér",,
100101,0630,1,,"Hűvösvölgy / Nagykovácsi, Tisza István tér",2013-10-18,,N017,Hűvösvölgy,,
100102,0640,0,,"Hűvösvölgy / Solymár, Auchan áruház",2013-10-18,,R803,"Solymár, Auchan áruház",,
100103,0640,1,,"Hűvösvölgy / Solymár, Auchan áruház",2013-10-18,,R804,Hűvösvölgy,,
100104,0641,0,,"Hűvösvölgy / Solymár, Templom tér",2013-10-18,,R797,"Solymár, Templom tér",,
100105,0641,1,,"Hűvösvölgy / Solymár, Templom tér",2013-10-18,,R798,Hűvösvölgy,,
100106,0650,0,,Kolosy tér / Fenyőgyöngye,2013-10-18,,Q547,Fenyőgyöngye,,
100107,0650,1,,Kolosy tér / Fenyőgyöngye,2013-10-18,,Q546,Kolosy tér,,
100108,0660,0,,"Határ út M / Soroksár, központi raktárak",2013-10-18,,J521,"Soroksár, BILK",,
100109,0660,1,,"Határ út M / Soroksár, központi raktárak",2013-10-18,,J522,Határ út M,,
100110,0665,0,,"Határ út M / Soroksár, BILK",2013-10-18,,M762,BILK bekötőút,,
100111,0665,1,,"Határ út M / Soroksár, BILK",2013-10-18,,M763,Határ út M,,
100112,0670,0,,"Örs vezér tere M+H / Rákoskeresztúr, Aranylúd utca",2013-10-18,,A114,"Rákoskeresztúr, Aranylúd utca",,
100113,0670,1,,"Örs vezér tere M+H / Rákoskeresztúr, Aranylúd utca",2013-10-18,,A115,Örs vezér tere M+H,,
100114,0680,0,,"Kispest, Vas Gereben utca / Akadémiaújtelep, 525. tér",2013-10-18,,0266,"Akadémiaújtelep, 525. tér",,
100115,0680,1,,"Kispest, Vas Gereben utca / Akadémiaújtelep, 525. tér",2013-10-18,,A139,"Kispest, Vas Gereben utca",,
100116,0710,0,,"Csepel, Szent Imre tér / Csepel, Horgásztanya",2013-10-18,,U486,"Csepel, Horgásztanya",,
100117,0710,1,,"Csepel, Szent Imre tér / Csepel, Horgásztanya",2013-10-18,,U487,"Csepel, Szent Imre tér",,
100118,0845,0,,"Határ út M / Gyál, Deák Ferenc utca",2013-10-18,,G371,"Gyál, Deák Ferenc utca",,
100119,0845,1,,"Határ út M / Gyál, Deák Ferenc utca",2013-10-18,,G373,Határ út M,,
100120,0850,0,,Örs vezér tere M+H / Kőbánya-Kispest M,2013-10-18,,V412,Kőbánya-Kispest M,,
100121,0850,1,,Örs vezér tere M+H / Kőbánya-Kispest M,2013-10-18,,V411,Örs vezér tere M+H,,
100122,0855,0,,Örs vezér tere M+H / Kőbánya-Kispest M,2013-10-18,,U253,Kőbánya-Kispest M,,
100123,0855,1,,Örs vezér tere M+H / Kőbánya-Kispest M,2013-10-18,,U254,Örs vezér tere M+H,,
100124,0858,0,,Dél-pesti autóbuszgarázs / Örs vezér tere M+H,2013-10-18,,R489,Mádi utca,,
100125,0860,0,,"Újbuda, Függetlenségi park / Óbuda, Bogdáni út",2013-10-18,,S806,"Óbuda, Bogdáni út",,
100126,0860,1,,"Újbuda, Függetlenségi park / Óbuda, Bogdáni út",2013-10-18,,S807,"Újbuda, Függetlenségi park",,
100127,0870,0,,Kosztolányi Dezső tér / Mechanikai Művek,2013-10-18,,S189,Mechanikai Művek,,
100128,0870,1,,Kosztolányi Dezső tér / Mechanikai Művek,2013-10-18,,S190,Kosztolányi Dezső tér,,
100129,0871,0,,Kosztolányi Dezső tér / Kamaraerdő,2013-10-18,,H323,Kamaraerdő,,
100130,0871,1,,Kosztolányi Dezső tér / Kamaraerdő,2013-10-18,,H324,Kosztolányi Dezső tér,,
100131,0880,0,,"Kamaraerdő / Törökbálint, Munkácsy Mihály utca",2013-10-18,,L179,"Törökbálint, Munkácsy Mihály utca",,
100132,0880,1,,"Kamaraerdő / Törökbálint, Munkácsy Mihály utca",2013-10-18,,L178,Kamaraerdő,,
100133,0895,0,,"Határ út M / Gyál, Bem József utca",2013-10-18,,G413,"Gyál, Bem József utca",,
100134,0895,1,,"Határ út M / Gyál, Bem József utca",2013-10-18,,G414,Határ út M,,
100135,0910,0,,Széll Kálmán tér M / Nyugati pályaudvar M,2013-10-18,,R706,Nyugati pályaudvar M,,
100136,0910,1,,Széll Kálmán tér M / Nyugati pályaudvar M,2013-10-18,,R707,Széll Kálmán tér M,,
100137,0920,0,,"Rákosszentmihály vasútállomás / Kistarcsa, kórház H",2013-10-18,,O287,Auchan Liget,,
100138,0920,1,,"Rákosszentmihály vasútállomás / Kistarcsa, kórház H",2013-10-18,,6832,Rákosszentmihály vasútállomás,,
100139,0930,0,,Kőbánya-Kispest M / Szemeretelep vasútállomás,2013-10-18,,V129,Szemeretelep vasútállomás,,
100140,0930,1,,Kőbánya-Kispest M / Szemeretelep vasútállomás,2013-10-18,,V130,Kőbánya-Kispest M,,
100141,0931,0,,"Kőbánya-Kispest M / Pestszentlőrinc, Fedezék utca",2013-10-18,,V126,"Pestszentlőrinc, Fedezék utca",,
100142,0931,1,,"Kőbánya-Kispest M / Pestszentlőrinc, Fedezék utca",2013-10-18,,V127,Kőbánya-Kispest M,,
100143,0945,0,,"Határ út M / Gyál, Vecsési út",2013-10-18,,G429,"Gyál, Vecsési út",,
100144,0945,1,,"Határ út M / Gyál, Vecsési út",2013-10-18,,G430,Határ út M,,
100145,0950,0,,Puskás Ferenc Stadion M / Felsőcsatári köz,2013-10-18,,S962,Felsőcsatári köz,,
100146,0950,1,,Puskás Ferenc Stadion M / Felsőcsatári köz,2013-10-18,,S963,Puskás Ferenc Stadion M,,
100147,0960,0,,"Újpalota, Szentmihályi út / Újpest, Fóti út",2013-10-18,,H442,"Újpest, Fóti út",,
100148,0960,1,,"Újpalota, Szentmihályi út / Újpest, Fóti út",2013-10-18,,H443,"Újpalota, Szentmihályi út",,
100149,0975,0,,Örs vezér tere M+H / Rákoskert sugárút,2013-10-18,,P541,Erzsébet körút,,
100150,0975,1,,Örs vezér tere M+H / Rákoskert sugárút,2013-10-18,,P540,"Rákoskeresztúr, vkp. (metró felé)",,
100151,0980,0,,Kőbánya-Kispest M / Rákoscsaba vasútállomás,2013-10-18,,N933,Városközpont (Ferihegyi út),,
100152,0980,1,,Kőbánya-Kispest M / Rákoscsaba vasútállomás,2013-10-18,,N934,Kőbánya-Kispest M,,
100153,0985,0,,Kőbánya-Kispest M / Rákoshegy vasútállomás,2013-10-18,,N935,Rákoshegy vasútállomás,,
100154,0985,1,,Kőbánya-Kispest M / Rákoshegy vasútállomás,2013-10-18,,N937,Kőbánya-Kispest M,,
100155,0990,0,,"Blaha Lujza tér M / Pesterzsébet, Mátyás király tér",2013-10-18,,E025,"Pesterzsébet, Mátyás király tér",,
100156,0990,1,,"Blaha Lujza tér M / Pesterzsébet, Mátyás király tér",2013-10-18,,5184,Blaha Lujza tér M,,
100157,1000,0,,Örs vezér tere M+H / Örs vezér tere M+H,2013-10-18,,S733,Örs vezér tere M+H,,
100158,1020,0,,Szendrő utca / Széll Kálmán tér M,2013-10-18,,Q457,Szendrő utca,,
100159,1020,1,,Szendrő utca / Széll Kálmán tér M,2013-10-18,,Q456,Széll Kálmán tér M,,
100160,1030,0,,Kelenföld vasútállomás / Népliget M,2013-10-18,,U959,Népliget M,,
100161,1030,1,,Kelenföld vasútállomás / Népliget M,2013-10-18,,U960,Kelenföld vasútállomás,,
100162,1040,0,,"Rákospalota, Kossuth utca / Dunakeszi, Auchan áruház",2013-10-18,,U209,"Dunakeszi, Auchan áruház",,
100163,1040,1,,"Rákospalota, Kossuth utca / Dunakeszi, Auchan áruház",2013-10-18,,U210,"Rákospalota, Kossuth utca",,
100164,1041,0,,"Rákospalota, Kossuth utca / Székesdűlő, ipartelep",2013-10-18,,U215,"Székesdűlő, ipartelep",,
100165,1041,1,,"Rákospalota, Kossuth utca / Székesdűlő, ipartelep",2013-10-18,,U216,"Rákospalota, Kossuth utca",,
100166,1050,0,,Apor Vilmos tér / Gyöngyösi utca M,2013-10-18,,O096,Gyöngyösi utca M,,
100167,1050,1,,Apor Vilmos tér / Gyöngyösi utca M,2013-10-18,,X234,Apor Vilmos tér,,
100168,1060,0,,"Árpád híd M / Római úti lakótelep, Varsa utca",2013-10-18,,X379,"Római úti lakótelep, Varsa utca",,
100169,1060,1,,"Árpád híd M / Római úti lakótelep, Varsa utca",2013-10-18,,X380,Árpád híd M,,
100170,1075,0,,"Kelenföld vasútállomás / Újpalota, Nyírpalota út",2013-10-18,,U711,"Újpalota, Nyírpalota út",,
100171,1075,1,,"Kelenföld vasútállomás / Újpalota, Nyírpalota út",2013-10-18,,U712,Kelenföld vasútállomás,,
100172,1110,0,,Batthyány tér M+H / Kolosy tér,2013-10-18,,U007,Kolosy tér,,
100173,1110,1,,Batthyány tér M+H / Kolosy tér,2013-10-18,,T395,Batthyány tér M+H,,
100174,1120,0,,Uránia / Szendrő utca,2013-10-18,,J699,Szendrő utca,,
100175,1120,1,,Uránia / Szendrő utca,2013-10-18,,J698,Uránia,,
100176,1130,0,,"Budatétény vasútállomás (Campona) / Diósd, Sashegyi út",2013-10-18,,B957,"Diósd, Sashegyi út",,
100177,1130,1,,"Budatétény vasútállomás (Campona) / Diósd, Sashegyi út",2013-10-18,,B958,Budatétény vasútállomás (Campona),,
100178,1131,0,,"Budatétény vasútállomás (Campona) / Nagytétény, Angeli utca",2013-10-18,,B964,"Nagytétény, Angeli utca",,
100179,1131,1,,"Budatétény vasútállomás (Campona) / Nagytétény, Angeli utca",2013-10-18,,B965,Budatétény vasútállomás (Campona),,
100180,1140,0,,"Kosztolányi Dezső tér / Baross Gábor-telep, Ispiláng utca",2013-10-18,,Q350,"Baross Gábor-telep, Ispiláng utca",,
100181,1140,1,,"Kosztolányi Dezső tér / Baross Gábor-telep, Ispiláng utca",2013-10-18,,U742,Kosztolányi Dezső tér,,
100182,1150,0,,Boráros tér H / Árpád híd M,2013-10-18,,U156,Árpád híd M,,
100183,1150,1,,Boráros tér H / Árpád híd M,2013-10-18,,U162,Lehel tér M,,
100184,1160,0,,Dísz tér / Fény utcai piac,2013-10-18,,U171,Fény utcai piac,,
100185,1160,1,,Dísz tér / Fény utcai piac,2013-10-18,,U172,Dísz tér,,
100186,1170,0,,Kőbánya alsó vasútállomás / Mélytó utca,2013-10-18,,T862,Mélytó utca,,
100187,1170,1,,Kőbánya alsó vasútállomás / Mélytó utca,2013-10-18,,T863,Kőbánya alsó vasútállomás,,
100188,1180,0,,Szentlélek tér H / Óbudai autóbuszgarázs,2013-10-18,,W679,Óbudai autóbuszgarázs,,
100189,1180,1,,Szentlélek tér H / Óbudai autóbuszgarázs,2013-10-18,,W678,Szentlélek tér H,,
100190,1190,0,,Gubacsi út / Zodony utca,2013-10-18,,K779,Zodony utca,,
100191,1190,1,,Gubacsi út / Zodony utca,2013-10-18,,K780,Gubacsi út,,
100192,1200,0,,Árpád híd M / Újpest-Központ M,2013-10-18,,0506,Újpest-Központ M,,
100193,1200,1,,Árpád híd M / Újpest-Központ M,2013-10-18,,D960,Árpád híd M,,
100194,1210,0,,Rákospalota-Újpest vasútállomás / Újpest-Városkapu M,2013-10-18,,0803,Rákospalota-Újpest vasútállomás,,
100195,1210,1,,Rákospalota-Újpest vasútállomás / Újpest-Városkapu M,2013-10-18,,0802,Újpest-Városkapu M,,
100196,1220,0,,"Újpest-Városkapu M / Káposztásmegyer, Mogyoródi-patak",2013-10-18,,S089,"Káposztásmegyer, Mogyoródi-patak",,
100197,1220,1,,"Újpest-Városkapu M / Káposztásmegyer, Mogyoródi-patak",2013-10-18,,S091,Újpest-Városkapu M,,
100198,1230,0,,"Határ út M / Soroksár, Auchan áruház",2013-10-18,,R328,"Soroksár, Auchan áruház",,
100199,1230,1,,"Határ út M / Soroksár, Auchan áruház",2013-10-18,,T031,Határ út M,,
100200,1231,0,,Határ út M / Szentlőrinci úti lakótelep,2013-10-18,,J597,Szentlőrinci úti lakótelep,,
100201,1231,1,,Határ út M / Szentlőrinci úti lakótelep,2013-10-18,,T032,Határ út M,,
100202,1240,0,,"Bosnyák tér / Rákospalota, Bogáncs utca",2013-10-18,,H424,"Rákospalota, Bogáncs utca",,
100203,1240,1,,"Bosnyák tér / Rákospalota, Bogáncs utca",2013-10-18,,H425,Bosnyák tér,,
100204,1250,0,,"Bosnyák tér / Rákospalota, MEDIMPEX",2013-10-18,,H428,"Rákospalota, MEDIMPEX",,
100205,1250,1,,"Bosnyák tér / Rákospalota, MEDIMPEX",2013-10-18,,J367,Bosnyák tér,,
100206,1260,0,,"Káposztásmegyer, Szilas-patak / Dunakeszi, Auchan áruház",2013-10-18,,D604,"Dunakeszi, Auchan áruház",,
100207,1260,1,,"Káposztásmegyer, Szilas-patak / Dunakeszi, Auchan áruház",2013-10-18,,D605,"Káposztásmegyer, Szilas-patak",,
100208,1261,0,,"Káposztásmegyer, Szilas-patak / Káposztásmegyer, Mogyoródi-patak",2013-10-18,,D610,"Káposztásmegyer, Mogyoródi-patak",,
100209,1261,1,,"Káposztásmegyer, Szilas-patak / Káposztásmegyer, Mogyoródi-patak",2013-10-18,,D611,"Káposztásmegyer, Szilas-patak",,
100210,1280,0,,Széll Kálmán tér M / Városkúti út,2013-10-18,,J086,Városkúti út,,
100211,1280,1,,Széll Kálmán tér M / Városkúti út,2013-10-18,,J087,Széll Kálmán tér M,,
100212,1290,0,,Széll Kálmán tér M / Széher út,2013-10-18,,K028,Széher út,,
100213,1290,1,,Széll Kálmán tér M / Széher út,2013-10-18,,K029,Széll Kálmán tér M,,
100214,1300,0,,"Puskás Ferenc Stadion M / Újpalota, Sárfű utca",2013-10-18,,L803,"Újpalota, Sárfű utca",,
100215,1300,1,,"Puskás Ferenc Stadion M / Újpalota, Sárfű utca",2013-10-18,,L804,Puskás Ferenc Stadion M,,
100216,1310,0,,"Örs vezér tere M+H / Kisszentmihály, Baross utca",2013-10-18,,N504,"Kisszentmihály, Baross utca",,
100217,1310,1,,"Örs vezér tere M+H / Kisszentmihály, Baross utca",2013-10-18,,N503,Örs vezér tere M+H,,
100218,1330,0,,Lehel tér M / Árpád híd M,2013-10-18,,0448,Árpád híd M,,
100219,1330,1,,Lehel tér M / Árpád híd M,2013-10-18,,0449,Lehel tér M,,
100220,1335,0,,Bosnyák tér / Nagytétény vasútállomás,2013-10-18,,U533,Nagytétény vasútállomás,,
100221,1335,1,,Bosnyák tér / Nagytétény vasútállomás,2013-10-18,,U534,Bosnyák tér,,
100222,1340,0,,"Szentlélek tér H / Békásmegyer, Újmegyeri tér",2013-10-18,,P639,"Békásmegyer, Újmegyeri tér",,
100223,1340,1,,"Szentlélek tér H / Békásmegyer, Újmegyeri tér",2013-10-18,,P640,Szentlélek tér H,,
100224,1365,0,,Kőbánya-Kispest M / Fiatalság utca,2013-10-18,,N950,Fiatalság utca,,
100225,1365,1,,Kőbánya-Kispest M / Fiatalság utca,2013-10-18,,N951,Kőbánya-Kispest M,,
100226,1370,0,,Szentlélek tér H / Máramaros út,2013-10-18,,I032,Máramaros út,,
100227,1370,1,,Szentlélek tér H / Máramaros út,2013-10-18,,C709,Szentlélek tér H,,
100228,1380,0,,"Csepel, Szent Imre tér / Budatétény vasútállomás (Campona)",2013-10-18,,6790,Budatétény vasútállomás (Campona),,
100229,1380,1,,"Csepel, Szent Imre tér / Budatétény vasútállomás (Campona)",2013-10-18,,6791,"Csepel, Szent Imre tér",,
100230,1390,0,,Széll Kálmán tér M / Gazdagréti tér,2013-10-18,,U149,Gazdagréti tér,,
100231,1390,1,,Széll Kálmán tér M / Gazdagréti tér,2013-10-18,,U150,Széll Kálmán tér M,,
100232,1400,0,,"Budaörsi lakótelep / Törökbálint, bevásárlóközpont",2013-10-18,,T812,"Törökbálint, bevásárlóközpont",,
100233,1400,1,,"Budaörsi lakótelep / Törökbálint, bevásárlóközpont",2013-10-18,,5231,Budaörsi lakótelep,,
100234,1407,0,,"Budaörsi lakótelep / Törökbálint, bevásárlóközpont",2013-10-18,,T840,"Törökbálint, bevásárlóközpont",,
100235,1407,1,,"Budaörsi lakótelep / Törökbálint, bevásárlóközpont",2013-10-18,,T847,Budaörsi lakótelep,,
100236,1410,0,,Kelenföld vasútállomás / Balatoni út (Háros utca),2013-10-18,,H265,Balatoni út (Háros utca),,
100237,1410,1,,Kelenföld vasútállomás / Balatoni út (Háros utca),2013-10-18,,H266,Kelenföld vasútállomás,,
100238,1430,0,,Békásmegyer H / Pince köz,2013-10-18,,V177,Békásmegyer H,,
100239,1440,0,,"Örs vezér tere M+H / Rákosszentmihály, Csömöri út",2013-10-18,,0028,"Rákosszentmihály, Csömöri út",,
100240,1440,1,,"Örs vezér tere M+H / Rákosszentmihály, Csömöri út",2013-10-18,,0030,Örs vezér tere M+H,,
100241,1460,0,,"Újpalota, Nyírpalota út / Rákoskeresztúr, városközpont",2013-10-18,,T418,"Rákoskeresztúr, városközpont",,
100242,1461,0,,"Cinkotai autóbuszgarázs / Rákoskeresztúr, városközpont",2013-10-18,,H939,"Rákoskeresztúr, városközpont",,
100243,1470,0,,"Újpest-Központ M / Megyer, Julianus barát utca",2013-10-18,,0538,"Megyer, Julianus barát utca",,
100244,1470,1,,"Újpest-Központ M / Megyer, Julianus barát utca",2013-10-18,,0540,Újpest-Központ M,,
100245,1480,0,,"Kőbánya-Kispest M / Csepel, Soroksári rév",2013-10-18,,N952,"Csepel, Soroksári rév",,
100246,1480,1,,"Kőbánya-Kispest M / Csepel, Soroksári rév",2013-10-18,,N953,Kőbánya-Kispest M,,
100247,1490,0,,Széll Kálmán tér M / Fenyves utca,2013-10-18,,G097,Fenyves utca,,
100248,1490,1,,Széll Kálmán tér M / Fenyves utca,2013-10-18,,R723,Széll Kálmán tér M,,
100249,1500,0,,Újbuda-központ / Budatétény vasútállomás (Campona),2013-10-18,,U743,Budatétény vasútállomás (Campona),,
100250,1500,1,,Újbuda-központ / Budatétény vasútállomás (Campona),2013-10-18,,U143,Újbuda-központ,,
100251,1505,0,,"Újbuda-központ / Őrmezői lakótelep, Menyecske utca",2013-10-18,,H257,"Őrmezői lakótelep, Menyecske utca",,
100252,1505,1,,"Újbuda-központ / Őrmezői lakótelep, Menyecske utca",2013-10-18,,J336,Újbuda-központ,,
100253,1510,0,,"Kőbánya alsó vasútállomás / Csepel, Határ utca",2013-10-18,,S853,"Csepel, Határ utca",,
100254,1510,1,,"Kőbánya alsó vasútállomás / Csepel, Határ utca",2013-10-18,,S854,Kőbánya alsó vasútállomás,,
100255,1518,0,,Dél-pesti autóbuszgarázs / Kőbánya alsó vasútállomás,2013-10-18,,R490,Simonyi Zsigmond utca,,
100256,1520,0,,"Csepel, Szent Imre tér / Csepel, Királyerdő út",2013-10-18,,J107,"Csepel, Királyerdő út",,
100257,1520,1,,"Csepel, Szent Imre tér / Csepel, Királyerdő út",2013-10-18,,J108,"Csepel, Szent Imre tér",,
100258,1530,0,,Gazdagréti tér / Móricz Zsigmond körtér,2013-10-18,,E820,Gazdagréti tér,,
100259,1530,1,,Gazdagréti tér / Móricz Zsigmond körtér,2013-10-18,,E819,Móricz Zsigmond körtér,,
100260,1550,0,,Széll Kálmán tér M / Zugligeti út,2013-10-18,,R688,Zugligeti út,,
100261,1550,1,,Széll Kálmán tér M / Zugligeti út,2013-10-18,,R689,Széll Kálmán tér M,,
100262,1560,0,,Széll Kálmán tér M / Dániel út,2013-10-18,,R691,Dániel út,,
100263,1560,1,,Széll Kálmán tér M / Dániel út,2013-10-18,,R692,Széll Kálmán tér M,,
100264,1570,0,,"Hűvösvölgy / Budaliget, Géza fejedelem útja",2013-10-18,,2380,"Budaliget, Géza fejedelem útja",,
100265,1570,1,,"Hűvösvölgy / Budaliget, Géza fejedelem útja",2013-10-18,,2381,Hűvösvölgy,,
100266,1590,0,,"Csepel, Szent Imre tér / Szent László utcai lakótelep",2013-10-18,,J105,Szent László utcai lakótelep,,
100267,1590,1,,"Csepel, Szent Imre tér / Szent László utcai lakótelep",2013-10-18,,J106,"Csepel, Szent Imre tér",,
100268,1600,0,,Batthyány tér M+H / Békásmegyer H,2013-10-18,,G396,Békásmegyer H,,
100269,1600,1,,Batthyány tér M+H / Békásmegyer H,2013-10-18,,G397,Batthyány tér M+H,,
100270,1610,0,,Örs vezér tere M+H / Kucorgó tér,2013-10-18,,M010,Kucorgó tér,,
100271,1610,1,,Örs vezér tere M+H / Kucorgó tér,2013-10-18,,P542,Örs vezér tere M+H,,
100272,1611,0,,"Örs vezér tere M+H / Rákoskeresztúr, Kis utcai lakótelep",2013-10-18,,M238,"Rákoskeresztúr, Kis utcai lakótelep",,
100273,1611,1,,"Örs vezér tere M+H / Rákoskeresztúr, Kis utcai lakótelep",2013-10-18,,M239,Örs vezér tere M+H,,
100274,1620,0,,"Kőbánya alsó vasútállomás / Maglód, Auchan áruház",2013-10-18,,S245,"Maglód, Auchan áruház",,
100275,1620,1,,"Kőbánya alsó vasútállomás / Maglód, Auchan áruház",2013-10-18,,T866,Kőbánya alsó vasútállomás,,
100276,1621,0,,"Kőbánya alsó vasútállomás / Rákoskeresztúr, vkp. (metró felé)",2013-10-18,,S247,"Rákoskeresztúr, vkp. (metró felé)",,
100277,1621,1,,"Kőbánya alsó vasútállomás / Rákoskeresztúr, vkp. (metró felé)",2013-10-18,,S296,Kőbánya alsó vasútállomás,,
100278,1640,0,,"Hűvösvölgy / Solymár, PEMÜ",2013-10-18,,R828,"Solymár, PEMÜ",,
100279,1640,1,,"Hűvösvölgy / Solymár, PEMÜ",2013-10-18,,R829,Hűvösvölgy,,
100280,1650,0,,Kolosy tér / Remetehegyi út,2013-10-18,,3158,Remetehegyi út,,
100281,1650,1,,Kolosy tér / Remetehegyi út,2013-10-18,,3159,Kolosy tér,,
100282,1660,0,,Ferihegy vasútállomás / Gubacsi út,2013-10-18,,H988,Ferihegy vasútállomás,,
100283,1660,1,,Ferihegy vasútállomás / Gubacsi út,2013-10-18,,M768,Gubacsi út,,
100284,1661,0,,Ferihegy vasútállomás / Pestszentimre vasútállomás (Vasút utca),2013-10-18,,H364,Ferihegy vasútállomás,,
100285,1661,1,,Ferihegy vasútállomás / Pestszentimre vasútállomás (Vasút utca),2013-10-18,,M770,Pestszentimre vasútállomás (Vasút utca),,
100286,1685,0,,"Örs vezér tere M+H / Rákoshegy, Ferihegyi út",2013-10-18,,G747,"Rákoshegy, Ferihegyi út",,
100287,1685,1,,"Örs vezér tere M+H / Rákoshegy, Ferihegyi út",2013-10-18,,G748,Örs vezér tere M+H,,
100288,1695,0,,"Örs vezér tere M+H / Pécel, Kun József utca",2013-10-18,,M026,"Pécel, Kun József utca",,
100289,1695,1,,"Örs vezér tere M+H / Pécel, Kun József utca",2013-10-18,,M027,Örs vezér tere M+H,,
100290,1700,0,,"Újpest-Központ M / Rákospalota, Csömöri-patak",2013-10-18,,H474,"Rákospalota, Csömöri-patak",,
100291,1700,1,,"Újpest-Központ M / Rákospalota, Csömöri-patak",2013-10-18,,H473,Újpest-Központ M,,
100292,1725,0,,"Kosztolányi Dezső tér / Törökbálint, Munkácsy Mihály utca",2013-10-18,,T040,"Törökbálint, Munkácsy Mihály utca",,
100293,1725,1,,"Kosztolányi Dezső tér / Törökbálint, Munkácsy Mihály utca",2013-10-18,,T967,Kosztolányi Dezső tér,,
100294,1740,0,,Örs vezér tere M+H / Cinkota H,2013-10-18,,G173,Cinkota H,,
100295,1740,1,,Örs vezér tere M+H / Cinkota H,2013-10-18,,G174,Örs vezér tere M+H,,
100296,1750,0,,"Újpalota, Szentmihályi út / Cinkota H",2013-10-18,,D144,Cinkota H,,
100297,1750,1,,"Újpalota, Szentmihályi út / Cinkota H",2013-10-18,,D146,"Újpalota, Szentmihályi út",,
100298,1765,0,,"Örs vezér tere M+H / Rákoscsaba-Újtelep, Tóalmás utca",2013-10-18,,N360,"Rákoscsaba-Újtelep, Tóalmás utca",,
100299,1765,1,,"Örs vezér tere M+H / Rákoscsaba-Újtelep, Tóalmás utca",2013-10-18,,N744,Örs vezér tere M+H,,
100300,1780,0,,Naphegy tér / Keleti pályaudvar M,2013-10-18,,W470,Keleti pályaudvar M,,
100301,1780,1,,Naphegy tér / Keleti pályaudvar M,2013-10-18,,W801,Naphegy tér,,
100302,1790,0,,"Közvágóhíd H / Csepel, Szent Imre tér",2013-10-18,,T651,"Csepel, Szent Imre tér",,
100303,1790,1,,"Közvágóhíd H / Csepel, Szent Imre tér",2013-10-18,,U488,Közvágóhíd H,,
100304,1810,0,,"Aszódi utca / József Attila ltp., Távíró utca",2013-10-18,,G048,"József Attila ltp., Távíró utca",,
100305,1810,1,,"Aszódi utca / József Attila ltp., Távíró utca",2013-10-18,,G049,Aszódi utca,,
100306,1820,0,,Kőbánya-Kispest M / Alacskai úti lakótelep,2013-10-18,,N956,Alacskai úti lakótelep,,
100307,1820,1,,Kőbánya-Kispest M / Alacskai úti lakótelep,2013-10-18,,N959,Kőbánya-Kispest M,,
100308,1830,0,,"Pestszentlőrinc, Szarvas csárda tér / Szemeretelep vasútállomás",2013-10-18,,6833,Szemeretelep vasútállomás,,
100309,1830,1,,"Pestszentlőrinc, Szarvas csárda tér / Szemeretelep vasútállomás",2013-10-18,,0145,"Pestszentlőrinc, Szarvas csárda tér",,
100310,1840,0,,"Kőbánya-Kispest M / Pestszentimre, Benjámin utca",2013-10-18,,N961,"Pestszentimre, Benjámin utca",,
100311,1840,1,,"Kőbánya-Kispest M / Pestszentimre, Benjámin utca",2013-10-18,,N962,Kőbánya-Kispest M,,
100312,1850,0,,"Kőbánya alsó vasútállomás / Újhegyi út, Sportliget",2013-10-18,,3801,"Újhegyi út, Sportliget",,
100313,1850,1,,"Kőbánya alsó vasútállomás / Újhegyi út, Sportliget",2013-10-18,,J373,Kőbánya alsó vasútállomás,,
100314,1860,0,,Békásmegyer H / Donát utca,2013-10-18,,V184,Donát utca,,
100315,1860,1,,Békásmegyer H / Donát utca,2013-10-18,,V185,Békásmegyer H,,
100316,1870,0,,Kosztolányi Dezső tér / Kamaraerdő,2013-10-18,,S192,Kamaraerdő,,
100317,1870,1,,Kosztolányi Dezső tér / Kamaraerdő,2013-10-18,,S193,Kosztolányi Dezső tér,,
100318,1885,0,,Móricz Zsigmond körtér / Budaörsi Ipari és Technológiai Park,2013-10-18,,S184,Budaörsi Ipari és Technológiai Park,,
100319,1885,1,,Móricz Zsigmond körtér / Budaörsi Ipari és Technológiai Park,2013-10-18,,S186,"Budaörs, Tetra Pak",,
100320,1910,0,,Nyugati pályaudvar M / Sarolta utca,2013-10-18,,V735,Sarolta utca,,
100321,1910,1,,Nyugati pályaudvar M / Sarolta utca,2013-10-18,,V046,Nyugati pályaudvar M,,
100322,1935,0,,"Kőbánya-Kispest M / Pestszentlőrinc, Mednyánszky utca",2013-10-18,,N966,"Pestszentlőrinc, Mednyánszky utca",,
100323,1935,1,,"Kőbánya-Kispest M / Pestszentlőrinc, Mednyánszky utca",2013-10-18,,N967,Kőbánya-Kispest M,,
100324,1940,0,,Határ út M / Gloriett lakótelep,2013-10-18,,J088,Gloriett lakótelep,,
100325,1940,1,,Határ út M / Gloriett lakótelep,2013-10-18,,J089,Határ út M,,
100326,1960,0,,"Újpalota, Szentmihályi út / Újpest, Fóti út",2013-10-18,,S092,"Újpest, Fóti út",,
100327,1960,1,,"Újpalota, Szentmihályi út / Újpest, Fóti út",2013-10-18,,S093,"Újpalota, Szentmihályi út",,
100328,1961,0,,"Újpalota, Szentmihályi út / Újpest-Városkapu M",2013-10-18,,P815,Újpest-Városkapu M,,
100329,1961,1,,"Újpalota, Szentmihályi út / Újpest-Városkapu M",2013-10-18,,H549,"Újpalota, Szentmihályi út",,
100330,1970,0,,Rákoskert vasútállomás / Rákoskert vasútállomás,2013-10-18,,M689,Rákoskert vasútállomás,,
100331,1980,0,,"Dél-pesti autóbuszgarázs / Rákoscsaba-Újtelep, Tóalmás utca",2013-10-18,,M035,"Rákoscsaba-Újtelep, Tóalmás utca",,
100332,1980,1,,"Dél-pesti autóbuszgarázs / Rákoscsaba-Újtelep, Tóalmás utca",2013-10-18,,R879,Dél-pesti autóbuszgarázs,,
100333,1990,0,,Határ út M / Áchim András utca,2013-10-18,,G556,Áchim András utca,,
100334,1990,1,,Határ út M / Áchim András utca,2013-10-18,,G557,Határ út M,,
100335,2005,0,,Kőbánya-Kispest M / Liszt Ferenc Airport 2,2013-10-18,,R555,Liszt Ferenc Airport 2,,
100336,2005,1,,Kőbánya-Kispest M / Liszt Ferenc Airport 2,2013-10-18,,U482,Kőbánya-Kispest M,,
100337,2015,0,,Kőbánya-Kispest M / Kucorgó tér,2013-10-18,,R511,Kucorgó tér,,
100338,2015,1,,Kőbánya-Kispest M / Kucorgó tér,2013-10-18,,R512,Kőbánya-Kispest M,,
100339,2025,0,,Kőbánya-Kispest M / Kucorgó tér,2013-10-18,,R515,Kucorgó tér,,
100340,2025,1,,Kőbánya-Kispest M / Kucorgó tér,2013-10-18,,R516,Kőbánya-Kispest M,,
100341,2030,0,,"Petőfi híd, budai hídfő / Neumann János utca",2013-10-18,,T773,Neumann János utca,,
100342,2030,1,,"Petőfi híd, budai hídfő / Neumann János utca",2013-10-18,,T774,"Petőfi híd, budai hídfő",,
100343,2040,0,,"Rákospalota, Kossuth utca / Békásmegyer H",2013-10-18,,U218,Békásmegyer H,,
100344,2040,1,,"Rákospalota, Kossuth utca / Békásmegyer H",2013-10-18,,U219,"Rákospalota, Kossuth utca",,
100345,2120,0,,Boráros tér H / Svábhegy,2013-10-18,,O579,Svábhegy,,
100346,2120,1,,Boráros tér H / Svábhegy,2013-10-18,,O578,Boráros tér H,,
100347,2130,0,,"Kosztolányi Dezső tér / Baross Gábor-telep, Török utca",2013-10-18,,U790,"Baross Gábor-telep, Török utca",,
100348,2130,1,,"Kosztolányi Dezső tér / Baross Gábor-telep, Török utca",2013-10-18,,U791,Kosztolányi Dezső tér,,
100349,2140,0,,"Kosztolányi Dezső tér / Baross Gábor-telep, Ispiláng utca",2013-10-18,,Q354,"Baross Gábor-telep, Ispiláng utca",,
100350,2140,1,,"Kosztolányi Dezső tér / Baross Gábor-telep, Ispiláng utca",2013-10-18,,U800,Kosztolányi Dezső tér,,
100351,2170,0,,"Kőbánya alsó vasútállomás / Pestszentlőrinc, Szarvas csárda tér",2013-10-18,,J369,"Pestszentlőrinc, Szarvas csárda tér",,
100352,2170,1,,"Kőbánya alsó vasútállomás / Pestszentlőrinc, Szarvas csárda tér",2013-10-18,,J370,Kőbánya alsó vasútállomás,,
100353,2175,0,,"Blaha Lujza tér M / Pestszentlőrinc, Szarvas csárda tér",2013-10-18,,G320,"Pestszentlőrinc, Szarvas csárda tér",,
100354,2175,1,,"Blaha Lujza tér M / Pestszentlőrinc, Szarvas csárda tér",2013-10-18,,G319,Blaha Lujza tér M,,
100355,2180,0,,"Szentlélek tér H / Solymár, Auchan áruház",2013-10-18,,J035,"Pilisborosjenő, Téglagyári tér",,
100356,2180,1,,"Szentlélek tér H / Solymár, Auchan áruház",2013-10-18,,J036,Szentlélek tér H,,
100357,2187,0,,"Szentlélek tér H / Solymár, Auchan áruház",2013-10-18,,O258,"Solymár, Auchan áruház",,
100358,2187,1,,"Szentlélek tér H / Solymár, Auchan áruház",2013-10-18,,O259,Szentlélek tér H,,
100359,2200,0,,"Újpest-Központ M / Újpest, Erdősor út",2013-10-18,,H460,"Újpest, Erdősor út",,
100360,2200,1,,"Újpest-Központ M / Újpest, Erdősor út",2013-10-18,,H461,Újpest-Központ M,,
100361,2220,0,,"Széll Kálmán tér M / Budakeszi, Honfoglalás sétány",2013-10-18,,N702,"Budakeszi, Honfoglalás sétány",,
100362,2220,1,,"Széll Kálmán tér M / Budakeszi, Honfoglalás sétány",2013-10-18,,R704,Széll Kálmán tér M,,
100363,2240,0,,"Újpalota, Szentmihályi út / Újpalota, Szentmihályi út",2013-10-18,,T409,"Újpalota, Szentmihályi út",,
100364,2250,0,,"Mexikói út M / Rákospalota, Székely Elek út",2013-10-18,,P830,"Rákospalota, Székely Elek út",,
100365,2250,1,,"Mexikói út M / Rákospalota, Székely Elek út",2013-10-18,,N024,Mexikói út M,,
100366,2300,0,,"Keleti pályaudvar M / Megyer, Aquaworld",2013-10-18,,W493,"Megyer, Aquaworld",,
100367,2300,1,,"Keleti pályaudvar M / Megyer, Aquaworld",2013-10-18,,W489,Keleti pályaudvar M,,
100368,2310,0,,"Örs vezér tere M+H / Rákospalota, Széchenyi tér",2013-10-18,,G845,"Rákospalota, Széchenyi tér",,
100369,2310,1,,"Örs vezér tere M+H / Rákospalota, Széchenyi tér",2013-10-18,,G844,Örs vezér tere M+H,,
100370,2335,0,,Bosnyák tér / Budatétény vasútállomás (Campona),2013-10-18,,U552,Budatétény vasútállomás (Campona),,
100371,2335,1,,Bosnyák tér / Budatétény vasútállomás (Campona),2013-10-18,,U553,Bosnyák tér,,
100372,2370,0,,Szentlélek tér H / Jablonka út,2013-10-18,,V233,Jablonka út,,
100373,2370,1,,Szentlélek tér H / Jablonka út,2013-10-18,,V234,Szentlélek tér H,,
100374,2390,0,,Uránia / Gazdagréti tér,2013-10-18,,G567,Gazdagréti tér,,
100375,2390,1,,Uránia / Gazdagréti tér,2013-10-18,,P700,Uránia,,
100376,2405,0,,Móricz Zsigmond körtér / Budaörsi lakótelep,2013-10-18,,R708,Budaörsi lakótelep,,
100377,2405,1,,Móricz Zsigmond körtér / Budaörsi lakótelep,2013-10-18,,R709,Móricz Zsigmond körtér,,
100378,2430,0,,Békásmegyer H / Pince köz,2013-10-18,,V181,Pince köz,,
100379,2440,0,,Örs vezér tere M+H / Centenáriumi ltp.(Margit utca),2013-10-18,,G182,Budapesti út,,
100380,2440,1,,Örs vezér tere M+H / Centenáriumi ltp.(Margit utca),2013-10-18,,G181,Örs vezér tere M+H,,
100381,2500,0,,Újbuda-központ / Savoya Park,2013-10-18,,U807,Savoya Park,,
100382,2500,1,,Újbuda-központ / Savoya Park,2013-10-18,,U808,Újbuda-központ,,
100383,2501,0,,Savoya Park / Arany János utcai lakótelep,2013-10-18,,U814,Arany János utcai lakótelep,,
100384,2501,1,,Savoya Park / Arany János utcai lakótelep,2013-10-18,,U815,Savoya Park,,
100385,2510,0,,"Budafok, Városház tér / Memento Park",2013-10-18,,K091,"Budafok, Vincellér út",,
100386,2510,1,,"Budafok, Városház tér / Memento Park",2013-10-18,,K090,"Budafok, Városház tér",,
100387,2545,0,,Népliget M / Alacskai úti lakótelep,2013-10-18,,J486,Alacskai úti lakótelep,,
100388,2545,1,,Népliget M / Alacskai úti lakótelep,2013-10-18,,M775,Népliget M,,
100389,2570,0,,Hűvösvölgy / Hűvösvölgy,2013-10-18,,2384,Hűvösvölgy,,
100390,2600,0,,Batthyány tér M+H / Kocsis Sándor út,2013-10-18,,G394,Kocsis Sándor út,,
100391,2600,1,,Batthyány tér M+H / Kocsis Sándor út,2013-10-18,,G395,Batthyány tér M+H,,
100392,2615,0,,"Örs vezér tere M+H / Rákoskeresztúr, városközpont",2013-10-18,,M024,"Rákoskeresztúr, városközpont",,
100393,2615,1,,"Örs vezér tere M+H / Rákoskeresztúr, városközpont",2013-10-18,,M025,Örs vezér tere M+H,,
100394,2620,0,,Kőbánya alsó vasútállomás / Erzsébet körút,2013-10-18,,S248,Erzsébet körút,,
100395,2620,1,,Kőbánya alsó vasútállomás / Erzsébet körút,2013-10-18,,S297,Kőbánya alsó vasútállomás,,
100396,2640,0,,"Hűvösvölgy / Solymár, PEMÜ",2013-10-18,,R313,"Solymár, PEMÜ",,
100397,2640,1,,"Hűvösvölgy / Solymár, PEMÜ",2013-10-18,,R312,Hűvösvölgy,,
100398,2660,0,,Ferihegy vasútállomás / Pestszentimre vasútállomás (Vasút utca),2013-10-18,,G201,Ferihegy vasútállomás,,
100399,2660,1,,Ferihegy vasútállomás / Pestszentimre vasútállomás (Vasút utca),2013-10-18,,M777,Pestszentimre vasútállomás (Vasút utca),,
100400,2720,0,,"Kosztolányi Dezső tér / Törökbálint, Munkácsy Mihály utca",2013-10-18,,T035,"Törökbálint, Munkácsy Mihály utca",,
100401,2720,1,,"Kosztolányi Dezső tér / Törökbálint, Munkácsy Mihály utca",2013-10-18,,T036,Kosztolányi Dezső tér,,
100402,2765,0,,Örs vezér tere M+H / Rákosliget vasútállomás,2013-10-18,,T879,Injekcióüzem,,
100403,2765,1,,Örs vezér tere M+H / Rákosliget vasútállomás,2013-10-18,,K902,Örs vezér tere M+H,,
100404,2770,0,,Örs vezér tere M+H / Bosnyák tér,2013-10-18,,D150,Bosnyák tér,,
100405,2770,1,,Örs vezér tere M+H / Bosnyák tér,2013-10-18,,D151,Örs vezér tere M+H,,
100406,2810,0,,Aszódi utca / Aszódi utca,2013-10-18,,G060,Aszódi utca,,
100407,2825,0,,Kőbánya-Kispest M / Alacskai úti lakótelep,2013-10-18,,N981,Alacskai úti lakótelep,,
100408,2825,1,,Kőbánya-Kispest M / Alacskai úti lakótelep,2013-10-18,,N982,Kőbánya-Kispest M,,
100409,2845,0,,"Kőbánya-Kispest M / Pestszentimre, Benjámin utca",2013-10-18,,N983,"Pestszentimre, Benjámin utca",,
100410,2845,1,,"Kőbánya-Kispest M / Pestszentimre, Benjámin utca",2013-10-18,,N984,Kőbánya-Kispest M,,
100411,2910,0,,"Nyugati pályaudvar M / Zugliget, Libegő",2013-10-18,,V047,"Zugliget, Libegő",,
100412,2910,1,,"Nyugati pályaudvar M / Zugliget, Libegő",2013-10-18,,V048,Nyugati pályaudvar M,,
100413,2945,0,,"Határ út M / Gyál, Vecsési út",2013-10-18,,G440,"Gyál, Vecsési út",,
100414,2945,1,,"Határ út M / Gyál, Vecsési út",2013-10-18,,G441,Határ út M,,
100415,2960,0,,"Újpalota, Szentmihályi út / Káposztásmegyer, Szilas-patak",2013-10-18,,H441,"Káposztásmegyer, Szilas-patak",,
100416,2960,1,,"Újpalota, Szentmihályi út / Káposztásmegyer, Szilas-patak",2013-10-18,,H440,"Újpalota, Szentmihályi út",,
100417,3010,0,,Közvágóhíd H / Lehel utca,2013-10-18,,W388,Lehel utca,,
100418,3010,1,,Közvágóhíd H / Lehel utca,2013-10-18,,W389,Közvágóhíd H,,
100419,3011,0,,Népliget M / Lehel utca,2013-10-18,,W397,Lehel utca,,
100420,3011,1,,Népliget M / Lehel utca,2013-10-18,,W398,Népliget M,,
100421,3020,0,,Kossuth Lajos tér (Széchenyi rakpart) / Közvágóhíd,2013-10-18,,U142,Közvágóhíd,,
100422,3020,1,,Kossuth Lajos tér (Széchenyi rakpart) / Közvágóhíd,2013-10-18,,U144,Kossuth Lajos tér (Széchenyi rakpart),,
100423,3030,0,,Mexikói út M / Gubacsi út,2013-10-18,,B099,Gubacsi út,,
100424,3030,1,,Mexikói út M / Gubacsi út,2013-10-18,,B098,Mexikói út M,,
100425,3040,0,,Széll Kálmán tér M / Újbuda-központ,2013-10-18,,0977,Újbuda-központ,,
100426,3040,1,,Széll Kálmán tér M / Újbuda-központ,2013-10-18,,0976,Széll Kálmán tér M,,
100427,3060,0,,Széll Kálmán tér M / Móricz Zsigmond körtér,2013-10-18,,B693,Móricz Zsigmond körtér,,
100428,3060,1,,Széll Kálmán tér M / Móricz Zsigmond körtér,2013-10-18,,B692,Széll Kálmán tér M,,
100429,3120,0,,"Rákospalota, Kossuth utca / Angyalföld kocsiszín",2013-10-18,,B213,"Rákospalota, Kossuth utca",,
100430,3120,1,,"Rákospalota, Kossuth utca / Angyalföld kocsiszín",2013-10-18,,B212,Angyalföld kocsiszín,,
100431,3140,0,,"Káposztásmegyer, Megyeri út / Lehel tér M",2013-10-18,,B116,"Káposztásmegyer, Megyeri út",,
100432,3140,1,,"Káposztásmegyer, Megyeri út / Lehel tér M",2013-10-18,,B117,Lehel tér M,,
100433,3170,0,,"Margit híd, budai hídfő H / Bécsi út (Vörösvári út)",2013-10-18,,1020,Bécsi út (Vörösvári út),,
100434,3170,1,,"Margit híd, budai hídfő H / Bécsi út (Vörösvári út)",2013-10-18,,1019,"Margit híd, budai hídfő H",,
100435,3180,0,,Széll Kálmán tér M / Savoya Park,2013-10-18,,I674,Savoya Park,,
100436,3180,1,,Széll Kálmán tér M / Savoya Park,2013-10-18,,I675,Széll Kálmán tér M,,
100437,3190,0,,Batthyány tér M+H / Kelenföld vasútállomás,2013-10-18,,J899,Kelenföld vasútállomás,,
100438,3190,1,,Batthyány tér M+H / Kelenföld vasútállomás,2013-10-18,,J900,Batthyány tér M+H,,
100439,3240,0,,Keleti pályaudvar M / Közvágóhíd,2013-10-18,,1174,Közvágóhíd,,
100440,3240,1,,Keleti pályaudvar M / Közvágóhíd,2013-10-18,,1176,Keleti pályaudvar M,,
100441,3280,0,,Blaha Lujza tér M / Izraelita temető,2013-10-18,,K873,Izraelita temető,,
100442,3280,1,,Blaha Lujza tér M / Izraelita temető,2013-10-18,,K874,Blaha Lujza tér M,,
100443,3281,0,,Blaha Lujza tér M / Új köztemető (Kozma utca),2013-10-18,,N869,Új köztemető (Kozma utca),,
100444,3281,1,,Blaha Lujza tér M / Új köztemető (Kozma utca),2013-10-18,,N870,Blaha Lujza tér M,,
100445,3370,0,,Blaha Lujza tér M / Új köztemető (Kozma utca),2013-10-18,,U915,Új köztemető (Kozma utca),,
100446,3370,1,,Blaha Lujza tér M / Új köztemető (Kozma utca),2013-10-18,,U916,Blaha Lujza tér M,,
100447,3371,0,,Blaha Lujza tér M / Sörgyár,2013-10-18,,U921,Sörgyár,,
100448,3371,1,,Blaha Lujza tér M / Sörgyár,2013-10-18,,U922,Blaha Lujza tér M,,
100449,3410,0,,Batthyány tér M+H / Kamaraerdei Ifjúsági Park,2013-10-18,,J902,Kamaraerdei Ifjúsági Park,,
100450,3410,1,,Batthyány tér M+H / Kamaraerdei Ifjúsági Park,2013-10-18,,J901,Batthyány tér M+H,,
100451,3470,0,,"Deák Ferenc tér M / Budafok, Városház tér",2013-10-18,,1204,"Budafok, Városház tér",,
100452,3470,1,,"Deák Ferenc tér M / Budafok, Városház tér",2013-10-18,,1203,Deák Ferenc tér M,,
100453,3490,0,,Deák Ferenc tér M / Kelenföld vasútállomás,2013-10-18,,1206,Kelenföld vasútállomás,,
100454,3490,1,,Deák Ferenc tér M / Kelenföld vasútállomás,2013-10-18,,1205,Deák Ferenc tér M,,
100455,3500,0,,"Határ út M / Pestszentlőrinc, Béke tér",2013-10-18,,1207,"Pestszentlőrinc, Béke tér",,
100456,3500,1,,"Határ út M / Pestszentlőrinc, Béke tér",2013-10-18,,1208,Határ út M,,
100457,3510,0,,Mester utca (Ferenc körút) / Nagysándor József utca,2013-10-18,,N756,Nagysándor József utca,,
100458,3510,1,,Mester utca (Ferenc körút) / Nagysándor József utca,2013-10-18,,N757,Mester utca (Ferenc körút),,
100459,3511,0,,Mester utca (Ferenc körút) / Ferencváros vasútállomás,2013-10-18,,N769,Ferencváros vasútállomás,,
100460,3511,1,,Mester utca (Ferenc körút) / Ferencváros vasútállomás,2013-10-18,,N770,Mester utca (Ferenc körút),,
100461,3520,0,,"Határ út M / Pesterzsébet, Pacsirtatelep",2013-10-18,,B103,"Pesterzsébet, Pacsirtatelep",,
100462,3520,1,,"Határ út M / Pesterzsébet, Pacsirtatelep",2013-10-18,,B104,Határ út M,,
100463,3590,0,,"Szent János Kórház / Farkasrét, Márton Áron tér",2013-10-18,,D209,"Farkasrét, Márton Áron tér",,
100464,3590,1,,"Szent János Kórház / Farkasrét, Márton Áron tér",2013-10-18,,D208,Szent János Kórház,,
100465,3591,0,,"Széll Kálmán tér M / Farkasrét, Márton Áron tér",2013-10-18,,G469,"Farkasrét, Márton Áron tér",,
100466,3591,1,,"Széll Kálmán tér M / Farkasrét, Márton Áron tér",2013-10-18,,G470,Széll Kálmán tér M,,
100467,3600,0,,"Városmajor / Széchenyi-hegy, Gyermekvasút",2013-10-18,,G368,"Széchenyi-hegy, Gyermekvasút",,
100468,3600,1,,"Városmajor / Széchenyi-hegy, Gyermekvasút",2013-10-18,,G367,Városmajor,,
100469,3610,0,,Móricz Zsigmond körtér / Zuhatag sor,2013-10-18,,X020,Zuhatag sor,,
100470,3610,1,,Móricz Zsigmond körtér / Zuhatag sor,2013-10-18,,X021,Móricz Zsigmond körtér,,
100471,3620,0,,"Rákospalota, MÁV-telep / Blaha Lujza tér M",2013-10-18,,E978,"Rákospalota, MÁV-telep",,
100472,3620,1,,"Rákospalota, MÁV-telep / Blaha Lujza tér M",2013-10-18,,E977,Blaha Lujza tér M,,
100473,3621,0,,"Rákospalota, MÁV-telep / Kőbánya alsó vasútállomás (Mázsa tér)",2013-10-18,,E769,"Rákospalota, MÁV-telep",,
100474,3621,1,,"Rákospalota, MÁV-telep / Kőbánya alsó vasútállomás (Mázsa tér)",2013-10-18,,E784,Kőbánya alsó vasútállomás (Mázsa tér),,
100475,3690,0,,"Újpalota, Erdőkerülő utca / Mexikói út M",2013-10-18,,1246,"Újpalota, Erdőkerülő utca",,
100476,3690,1,,"Újpalota, Erdőkerülő utca / Mexikói út M",2013-10-18,,1245,Mexikói út M,,
100477,4700,0,,"Kossuth Lajos tér M (Kozma Ferenc utca) / Erzsébet királyné útja, aluljáró",2013-10-18,,V420,"Erzsébet királyné útja, aluljáró",,
100478,4700,1,,"Kossuth Lajos tér M (Kozma Ferenc utca) / Erzsébet királyné útja, aluljáró",2013-10-18,,V419,Kossuth Lajos tér M (Kozma Ferenc utca),,
100479,4720,0,,Arany János utca M / Zugló vasútállomás,2013-10-18,,S395,Zugló vasútállomás,,
100480,4720,1,,Arany János utca M / Zugló vasútállomás,2013-10-18,,S396,Arany János utca M,,
100481,4730,0,,Arany János utca M / Keleti pályaudvar M,2013-10-18,,S399,Keleti pályaudvar M,,
100482,4730,1,,Arany János utca M / Keleti pályaudvar M,2013-10-18,,S400,Arany János utca M,,
100483,4740,0,,Károly körút (Astoria M) / Csáktornya park,2013-10-18,,S625,Csáktornya park,,
100484,4740,1,,Károly körút (Astoria M) / Csáktornya park,2013-10-18,,S626,Károly körút (Astoria M),,
100485,4741,0,,Mexikói út M / Csáktornya park,2013-10-18,,S628,Csáktornya park,,
100486,4741,1,,Mexikói út M / Csáktornya park,2013-10-18,,S629,Mexikói út M,,
100487,4750,0,,Jászai Mari tér / Puskás Ferenc Stadion M,2013-10-18,,S375,Puskás Ferenc Stadion M,,
100488,4750,1,,Jászai Mari tér / Puskás Ferenc Stadion M,2013-10-18,,S374,Jászai Mari tér,,
100489,4760,0,,Jászai Mari tér / Keleti pályaudvar M,2013-10-18,,S630,Keleti pályaudvar M,,
100490,4760,1,,Jászai Mari tér / Keleti pályaudvar M,2013-10-18,,S631,Jászai Mari tér,,
100491,4770,0,,Puskás Ferenc Stadion M / Öv utca (Egressy út),2013-10-18,,S632,Öv utca (Egressy út),,
100492,4770,1,,Puskás Ferenc Stadion M / Öv utca (Egressy út),2013-10-18,,S633,Puskás Ferenc Stadion M,,
100493,4780,0,,Kossuth Lajos tér M (Kozma Ferenc utca) / Keleti pályaudvar M,2013-10-18,,V421,Keleti pályaudvar M,,
100494,4780,1,,Kossuth Lajos tér M (Kozma Ferenc utca) / Keleti pályaudvar M,2013-10-18,,V422,Kossuth Lajos tér M (Kozma Ferenc utca),,
100495,4790,0,,Keleti pályaudvar M / Kárpát utca,2013-10-18,,U775,Kárpát utca,,
100496,4790,1,,Keleti pályaudvar M / Kárpát utca,2013-10-18,,U771,Keleti pályaudvar M,,
100497,4800,0,,Keleti pályaudvar M / Örs vezér tere M+H,2013-10-18,,S381,Örs vezér tere M+H,,
100498,4800,1,,Keleti pályaudvar M / Örs vezér tere M+H,2013-10-18,,S382,Keleti pályaudvar M,,
100499,4801,0,,Keleti pályaudvar M / Csertő utca,2013-10-18,,G762,Csertő utca,,
100500,4801,1,,Keleti pályaudvar M / Csertő utca,2013-10-18,,S383,Keleti pályaudvar M,,
100501,4810,0,,Örs vezér tere M+H / Fogarasi út,2013-10-18,,O318,Fogarasi út,,
100502,4810,1,,Örs vezér tere M+H / Fogarasi út,2013-10-18,,E306,Örs vezér tere M+H,,
100503,4820,0,,Uzsoki Utcai Kórház / Örs vezér tere M+H,2013-10-18,,S385,Örs vezér tere M+H,,
100504,4820,1,,Uzsoki Utcai Kórház / Örs vezér tere M+H,2013-10-18,,S386,Uzsoki Utcai Kórház,,
100505,4830,0,,Fővám tér / Orczy tér,2013-10-18,,U703,Orczy tér,,
100506,4830,1,,Fővám tér / Orczy tér,2013-10-18,,U704,Fővám tér,,
100507,5100,0,,Mexikói út M / Vörösmarty tér,2013-10-18,,1110,Mexikói út M,,
100508,5100,1,,Mexikói út M / Vörösmarty tér,2013-10-18,,1109,Vörösmarty tér,,
100509,5200,0,,Örs vezér tere M+H / Déli pályaudvar M,2013-10-18,,1112,Örs vezér tere M+H,,
100510,5200,1,,Örs vezér tere M+H / Déli pályaudvar M,2013-10-18,,1111,Déli pályaudvar M,,
100511,5300,0,,Kőbánya-Kispest M / Újpest-Központ M,2013-10-18,,1114,Kőbánya-Kispest M,,
100512,5300,1,,Kőbánya-Kispest M / Újpest-Központ M,2013-10-18,,1113,Újpest-Központ M,,
100513,6100,0,,Örs vezér tere M+H / Gödöllő,2013-10-18,,1225,Gödöllő,,
100514,6100,1,,Örs vezér tere M+H / Gödöllő,2013-10-18,,1226,Örs vezér tere M+H,,
100515,6130,0,,Örs vezér tere M+H / Cinkota H,2013-10-18,,5145,Cinkota H,,
100516,6130,1,,Örs vezér tere M+H / Cinkota H,2013-10-18,,5146,Örs vezér tere M+H,,
100517,6150,0,,Örs vezér tere M+H / Csömör,2013-10-18,,1227,"Csömör, 2. vágány",,
100518,6150,1,,Örs vezér tere M+H / Csömör,2013-10-18,,1228,Örs vezér tere M+H,,
100519,6200,0,,Közvágóhíd / Ráckeve,2013-10-18,,1229,Ráckeve 2. vágány,,
100520,6200,1,,Közvágóhíd / Ráckeve,2013-10-18,,1230,Közvágóhíd,,
100521,6210,0,,Közvágóhíd / Tököl,2013-10-18,,2267,Tököl,,
100522,6210,1,,Közvágóhíd / Tököl,2013-10-18,,2268,Közvágóhíd,,
100523,6230,0,,Közvágóhíd / Dunaharaszti külső,2013-10-18,,L696,Dunaharaszti külső,,
100524,6230,1,,Közvágóhíd / Dunaharaszti külső,2013-10-18,,L695,Közvágóhíd,,
100525,6300,0,,Boráros tér H / Csepel,2013-10-18,,S999,"Csepel, 2. vágány",,
100526,6300,1,,Boráros tér H / Csepel,2013-10-18,,T002,Boráros tér H,,
100527,6400,0,,Batthyány tér M+H / Szentendre,2013-10-18,,1233,Szentendre,,
100528,6400,1,,Batthyány tér M+H / Szentendre,2013-10-18,,C754,Batthyány tér M+H,,
100529,6470,0,,Batthyány tér M+H / Békásmegyer H,2013-10-18,,2273,Békásmegyer H,,
100530,6470,1,,Batthyány tér M+H / Békásmegyer H,2013-10-18,,C755,Batthyány tér M+H,,
100531,8110,0,,"Haller utca / Újpest, Árpád út",2013-10-18,,U782,"Újpest, Árpád út",,
100532,8110,1,,"Haller utca / Újpest, Árpád út",2013-10-18,,U783,Haller utca,,
100533,8120,0,,Haller utca / Rómaifürdő,2013-10-18,,U786,Rómaifürdő,,
100534,8120,1,,Haller utca / Rómaifürdő,2013-10-18,,U785,Haller utca,,
100535,9000,0,,Dél-pesti autóbuszgarázs / Liszt Ferenc Airport 2,2013-10-18,,R880,Liszt Ferenc Airport 2,,
100536,9000,1,,Dél-pesti autóbuszgarázs / Liszt Ferenc Airport 2,2013-10-18,,R881,Dél-pesti autóbuszgarázs,,
100537,9010,0,,Közvágóhíd / Bécsi út (Vörösvári út),2013-10-18,,X206,Bécsi út (Vörösvári út),,
100538,9010,1,,Közvágóhíd / Bécsi út (Vörösvári út),2013-10-18,,T894,Közvágóhíd,,
100539,9070,0,,Kelenföld vasútállomás / Örs vezér tere M+H,2013-10-18,,U971,Örs vezér tere M+H,,
100540,9070,1,,Kelenföld vasútállomás / Örs vezér tere M+H,2013-10-18,,U972,Kelenföld vasútállomás,,
100541,9080,0,,Móricz Zsigmond körtér / Cinkotai autóbuszgarázs,2013-10-18,,W300,Cinkotai autóbuszgarázs,,
100542,9080,1,,Móricz Zsigmond körtér / Cinkotai autóbuszgarázs,2013-10-18,,V308,Móricz Zsigmond körtér,,
100543,9090,0,,"Deák Ferenc tér M / Kispest, Kossuth tér",2013-10-18,,A155,"Kispest, Kossuth tér",,
100544,9090,1,,"Deák Ferenc tér M / Kispest, Kossuth tér",2013-10-18,,A156,Deák Ferenc tér M,,
100545,9140,0,,"Káposztásmegyer, Mogyoródi-patak / Dél-pesti autóbuszgarázs",2013-10-18,,U331,Dél-pesti autóbuszgarázs,,
100546,9140,1,,"Káposztásmegyer, Mogyoródi-patak / Dél-pesti autóbuszgarázs",2013-10-18,,U332,"Káposztásmegyer, Mogyoródi-patak",,
100547,9141,0,,Határ út M / Újpest-Központ M,2013-10-18,,S014,Újpest-Központ M,,
100548,9141,1,,Határ út M / Újpest-Központ M,2013-10-18,,S015,Határ út M,,
100549,9160,0,,Uránia / Széll Kálmán tér M,2013-10-18,,W271,Széll Kálmán tér M,,
100550,9160,1,,Uránia / Széll Kálmán tér M,2013-10-18,,W272,Uránia,,
100551,9180,0,,Kelenföld vasútállomás / Óbudai autóbuszgarázs,2013-10-18,,X219,Óbudai autóbuszgarázs,,
100552,9180,1,,Kelenföld vasútállomás / Óbudai autóbuszgarázs,2013-10-18,,T918,Kelenföld vasútállomás,,
100553,9220,0,,"Széll Kálmán tér M / Budakeszi, Dózsa György tér",2013-10-18,,T811,"Budakeszi, Dózsa György tér",,
100554,9220,1,,"Széll Kálmán tér M / Budakeszi, Dózsa György tér",2013-10-18,,R705,Széll Kálmán tér M,,
100555,9230,0,,Békásmegyer H / Dél-pesti autóbuszgarázs,2013-10-18,,S045,Dél-pesti autóbuszgarázs,,
100556,9230,1,,Békásmegyer H / Dél-pesti autóbuszgarázs,2013-10-18,,S048,Békásmegyer H,,
100557,9300,0,,"Újpest-Központ M / Megyer, Szondi utca",2013-10-18,,C085,"Megyer, Szondi utca",,
100558,9300,1,,"Újpest-Központ M / Megyer, Szondi utca",2013-10-18,,C086,Újpest-Központ M,,
100559,9310,0,,"Verecke lépcső / Árpádföld, Dezsőfia utca",2013-10-18,,V051,"Árpádföld, Dezsőfia utca",,
100560,9310,1,,"Verecke lépcső / Árpádföld, Dezsőfia utca",2013-10-18,,V052,Verecke lépcső,,
100561,9340,0,,Nyugati pályaudvar M / Békásmegyer H,2013-10-18,,T571,Békásmegyer H,,
100562,9340,1,,Nyugati pályaudvar M / Békásmegyer H,2013-10-18,,T572,Nyugati pályaudvar M,,
100563,9370,0,,Közvágóhíd / Bécsi út (Vörösvári út),2013-10-18,,C123,Máramaros út,,
100564,9380,0,,"Csepel, Szent Imre tér / Lakihegy, Cseresznyés utca",2013-10-18,,Q449,"Lakihegy, Cseresznyés utca",,
100565,9380,1,,"Csepel, Szent Imre tér / Lakihegy, Cseresznyés utca",2013-10-18,,Q450,"Csepel, Szent Imre tér",,
100566,9400,0,,Móricz Zsigmond körtér / Budaörsi lakótelep,2013-10-18,,Q592,Budaörsi lakótelep,,
100567,9400,1,,Móricz Zsigmond körtér / Budaörsi lakótelep,2013-10-18,,Q594,Móricz Zsigmond körtér,,
100568,9410,0,,Móricz Zsigmond körtér / Budatétény vasútállomás (Campona),2013-10-18,,J092,Budatétény vasútállomás (Campona),,
100569,9410,1,,Móricz Zsigmond körtér / Budatétény vasútállomás (Campona),2013-10-18,,D934,Móricz Zsigmond körtér,,
100570,9430,0,,Békásmegyer H / Szentendre H,2013-10-18,,Q806,Szentendre H,,
100571,9430,1,,Békásmegyer H / Szentendre H,2013-10-18,,C224,Békásmegyer H,,
100572,9480,0,,"Dél-pesti autóbuszgarázs / Csepel, Hollandi út",2013-10-18,,H588,"Csepel, Hollandi út",,
100573,9480,1,,"Dél-pesti autóbuszgarázs / Csepel, Hollandi út",2013-10-18,,H589,Dél-pesti autóbuszgarázs,,
100574,9500,0,,"Rákospalota, Kossuth utca / Pestszentimre vasútállomás",2013-10-18,,X197,Pestszentimre vasútállomás,,
100575,9500,1,,"Rákospalota, Kossuth utca / Pestszentimre vasútállomás",2013-10-18,,H075,Határ út M,,
100576,9501,1,,"Rákospalota, Kossuth utca / Pestszentimre vasútállomás",2013-10-18,,S028,"Rákospalota, Kossuth utca",,
100577,9560,0,,"Hűvösvölgy / Pécel, Kun József utca",2013-10-18,,P547,"Pécel, Kun József utca",,
100578,9560,1,,"Hűvösvölgy / Pécel, Kun József utca",2013-10-18,,M101,Hűvösvölgy,,
100579,9600,0,,"Móricz Zsigmond körtér / Békásmegyer, Újmegyeri tér",2013-10-18,,Q596,"Békásmegyer, Újmegyeri tér",,
100580,9600,1,,"Móricz Zsigmond körtér / Békásmegyer, Újmegyeri tér",2013-10-18,,V459,Móricz Zsigmond körtér,,
100581,9630,0,,"Hűvösvölgy / Nagykovácsi, Tisza István tér",2013-10-18,,Q691,"Nagykovácsi, Tisza István tér",,
100582,9630,1,,"Hűvösvölgy / Nagykovácsi, Tisza István tér",2013-10-18,,Q690,Hűvösvölgy,,
100583,9640,0,,"Hűvösvölgy / Solymár, PEMÜ",2013-10-18,,R409,"Solymár, PEMÜ",,
100584,9640,1,,"Hűvösvölgy / Solymár, PEMÜ",2013-10-18,,R408,Hűvösvölgy,,
100585,9660,0,,"Határ út M / Soroksár, Millenniumtelep",2013-10-18,,Q599,"Soroksár, Millenniumtelep",,
100586,9660,1,,"Határ út M / Soroksár, Millenniumtelep",2013-10-18,,Q600,Határ út M,,
100587,9680,0,,"Cinkotai autóbuszgarázs / Kispest, Kossuth tér",2013-10-18,,Q597,Cinkotai autóbuszgarázs,,
100588,9680,1,,"Cinkotai autóbuszgarázs / Kispest, Kossuth tér",2013-10-18,,Q598,"Kispest, Kossuth tér",,
100589,9720,0,,"Móricz Zsigmond körtér / Törökbálint, Munkácsy Mihály utca",2013-10-18,,Q601,"Törökbálint, Munkácsy Mihály utca",,
100590,9720,1,,"Móricz Zsigmond körtér / Törökbálint, Munkácsy Mihály utca",2013-10-18,,Q602,Móricz Zsigmond körtér,,
100591,9730,0,,"Újpalota, Szentmihályi út / Nagytétény, ipartelep",2013-10-18,,V004,"Nagytétény, ipartelep",,
100592,9730,1,,"Újpalota, Szentmihályi út / Nagytétény, ipartelep",2013-10-18,,W308,"Újpalota, Szentmihályi út",,
100593,9790,0,,"Újpalota, Nyírpalota út / Csepel, Csillagtelep",2013-10-18,,V029,"Csepel, Csillagtelep",,
100594,9790,1,,"Újpalota, Nyírpalota út / Csepel, Csillagtelep",2013-10-18,,V030,"Újpalota, Nyírpalota út",,
100595,9791,0,,"Deák Ferenc tér M / Csepel, Csillagtelep",2013-10-18,,T317,"Csepel, Csillagtelep",,
100596,9791,1,,"Deák Ferenc tér M / Csepel, Csillagtelep",2013-10-18,,V033,Deák Ferenc tér M,,
100597,9800,0,,"Dél-pesti autóbuszgarázs / Rákoskeresztúr, városközpont",2013-10-18,,R882,"Rákoskeresztúr, városközpont",,
100598,9800,1,,"Dél-pesti autóbuszgarázs / Rákoskeresztúr, városközpont",2013-10-18,,R883,Dél-pesti autóbuszgarázs,,
100599,9900,0,,"Normafa / Rákoskeresztúr, vkp. (metró felé)",2013-10-18,,P549,"Rákoskeresztúr, vkp. (metró felé)",,
100600,9900,1,,"Normafa / Rákoskeresztúr, vkp. (metró felé)",2013-10-18,,M108,Normafa,,
100601,9920,0,,Cinkotai autóbuszgarázs / Gödöllő H,2013-10-18,,V839,Gödöllő H,,
100602,9920,1,,Cinkotai autóbuszgarázs / Gödöllő H,2013-10-18,,V840,Cinkotai autóbuszgarázs,,
100603,9940,0,,"Dél-pesti autóbuszgarázs / Gyál, Vecsési út",2013-10-18,,A178,"Gyál, Vecsési út",,
100604,9940,1,,"Dél-pesti autóbuszgarázs / Gyál, Vecsési út",2013-10-18,,A179,Dél-pesti autóbuszgarázs,,
100605,9960,0,,Cinkotai autóbuszgarázs / Újpest-Központ M,2013-10-18,,C583,Cinkotai autóbuszgarázs,,
100606,9960,1,,Cinkotai autóbuszgarázs / Újpest-Központ M,2013-10-18,,C106,Újpest-Központ M,,
100607,9961,0,,Cinkotai autóbuszgarázs / Újpest-Központ M,2013-10-18,,C584,Cinkotai autóbuszgarázs,,
100608,9961,1,,Cinkotai autóbuszgarázs / Újpest-Központ M,2013-10-18,,C182,Újpest-Központ M,,
100609,9980,0,,"Rákoskeresztúr, városközpont / Rákoskeresztúr, városközpont",2013-10-18,,M116,"Rákoskeresztúr, városközpont",,
100610,9980,1,,"Rákoskeresztúr, városközpont / Rákoskeresztúr, városközpont",2013-10-18,,M118,Cinkotai autóbuszgarázs,,
100611,9990,0,,Határ út M / Dél-pesti autóbuszgarázs,2013-10-18,,Q605,Dél-pesti autóbuszgarázs,,
100612,9990,1,,Határ út M / Dél-pesti autóbuszgarázs,2013-10-18,,Q606,Határ út M,,
