shape_variant_id,version_id,shape_id,trip_headsign,is_main,note
100000,100000,V040,Örs vezér tere M+H,1,
100001,100000,X067,Örs vezér tere M+H,0,
100002,100001,V041,Széll Kálmán tér M,1,
100003,100001,X068,Széll Kálmán tér M,0,
100004,100002,V038,Örs vezér tere M+H,1,
100005,100003,V039,Széll Kálmán tér M,1,
100006,100004,X032,Lehel utca/Róbert Károly körút,1,
100007,100005,X033,Bécsi út (Vörösvári út),1,
100008,100006,V055,Nyugati pályaudvar M,1,
100009,100007,V056,Kossuth Lajos tér (Széchenyi rakpart),1,
100010,100008,O386,Blaha Lujza tér M,0,
100011,100008,P890,Széll Kálmán tér M,1,
100012,100008,U117,Széll Kálmán tér M,0,
100013,100009,P891,Móricz Zsigmond körtér,1,
100014,100009,P893,Blaha Lujza tér M,0,
100015,100010,X034,Lehel utca/Róbert Károly körút,1,
100016,100011,X064,"Óbuda, Bogdáni út",1,
100017,100012,X162,"Kispest, Tulipán utca",1,
100018,100013,X163,Határ út M,1,
100019,100014,X017,Hűvösvölgy,1,
100020,100015,X016,Széll Kálmán tér M,1,
100021,100016,R952,"Rákospalota, Kossuth utca",1,
100022,100016,U197,"Rákospalota, Kossuth utca",0,
100023,100017,U961,Pasaréti tér,1,
100024,100018,S706,Szent Imre Kórház,0,
100025,100018,S704,"Újpalota, Nyírpalota út",1,
100026,100019,S705,Albertfalva vasútállomás,1,
100027,100019,S707,Albertfalva vasútállomás,0,
100028,100020,S710,Bosnyák tér,1,
100029,100020,S713,Bosnyák tér,0,
100030,100020,U871,Bosnyák tér,0,
100031,100021,S711,Bornemissza tér,1,
100032,100022,S666,"Újpalota, Nyírpalota út",1,
100033,100023,S663,Kelenföld vasútállomás,1,
100034,100024,V014,"Újpalota, Nyírpalota út",1,
100035,100025,J695,Gazdagréti tér,1,
100036,100026,V878,Uránia,1,
100037,100027,U327,Kőbánya alsó vasútállomás,1,
100038,100028,U328,"Óbuda, Bogdáni út",1,
100039,100029,0714,Nagybányai út,1,
100040,100030,0715,Batthyány tér M+H,1,
100041,100031,C660,"Diósd, Búzavirág utca",1,
100042,100032,B042,Budatétény vasútállomás (Campona),1,
100043,100033,N783,"Diósd, Sashegyi út",1,
100044,100034,N782,Budatétény vasútállomás (Campona),1,
100045,100035,U154,Lehel tér M,1,
100046,100036,U155,Boráros tér H,1,
100047,100037,P702,Széll Kálmán tér M,1,
100048,100038,P701,Deák Ferenc tér M,1,
100049,100039,P630,Széll Kálmán tér M,1,
100050,100040,W263,Dísz tér,1,
100051,100041,W484,"Káposztásmegyer, Szilas-patak",1,
100052,100042,W481,Keleti pályaudvar M,1,
100053,100043,N806,"Csillebérc, KFKI",1,
100054,100044,N804,Széll Kálmán tér M,1,
100055,100045,N820,Normafa,1,
100056,100046,O218,Szent Orbán tér,0,
100057,100046,N819,Széll Kálmán tér M,1,
100058,100047,R306,"Budakeszi, Tesco-Parkcenter",1,
100059,100048,R305,Széll Kálmán tér M,1,
100060,100049,R310,"Budakeszi, Dózsa György tér",0,
100061,100049,R309,"Budakeszi, Dózsa György tér",1,
100062,100050,R308,Széll Kálmán tér M,1,
100063,100051,K001,"Pesterzsébet, Ady Endre tér",1,
100064,100052,K000,Boráros tér H,1,
100065,100053,R985,Tátra tér,0,
100066,100053,U251,"Pesterzsébet, Ady Endre tér",1,
100067,100054,U252,Boráros tér H,1,
100068,100055,U542,Újpest-Központ M,1,
100069,100056,N023,Mexikói út M,1,
100070,100057,X386,Árpád híd M,0,
100071,100057,X203,Árpád híd M,1,
100072,100057,X377,Árpád híd M,0,
100073,100058,X202,Nyugati pályaudvar M,1,
100074,100058,0741,Nyugati pályaudvar M,0,
100075,100059,0576,Móricz Zsigmond körtér,1,
100076,100060,0575,Sánc utca,1,
100077,100061,U277,Hűvösvölgy,1,
100078,100062,U006,Szentlélek tér H,1,
100079,100063,W486,"Káposztásmegyer, Mogyoródi-patak",1,
100080,100064,W485,Keleti pályaudvar M,1,
100081,100065,W487,"Megyer, Szondi utca",1,
100082,100066,W488,Keleti pályaudvar M,1,
100083,100067,0249,"Árpádföld, Bekecs utca",0,
100084,100067,C595,"Árpádföld, Bekecs utca",1,
100085,100068,C597,Örs vezér tere M+H,1,
100086,100068,D307,Rozsos utca,0,
100087,100069,H302,Örs vezér tere M+H,1,
100088,100070,E322,Árpád híd M,1,
100089,100071,U527,"Nagytétény, ipartelep",1,
100090,100072,S724,Leányka utcai lakótelep,0,
100091,100072,U528,Móricz Zsigmond körtér,1,
100092,100073,S578,"Békásmegyer, Újmegyeri tér",0,
100093,100073,T506,"Békásmegyer, Újmegyeri tér",0,
100094,100073,X382,"Békásmegyer, Újmegyeri tér",1,
100095,100073,X383,Szentlélek tér H,0,
100096,100074,H307,Árpád híd M,0,
100097,100074,X381,Árpád híd M,1,
100098,100075,S322,Szent Imre tér H,0,
100099,100075,U719,Szentlőrinci úti lakótelep,1,
100100,100075,U723,Mesgye utca,0,
100101,100076,T021,"Csepel, Csillagtelep",0,
100102,100076,U720,"Csepel, Csillagtelep",1,
100103,100077,N736,Szent Imre tér H,0,
100104,100077,N743,Pestszentlőrinc vasútállomás,1,
100105,100077,S358,Dél-pesti autóbuszgarázs,0,
100106,100077,S359,Pestszentlőrinc vasútállomás,0,
100107,100078,N735,"Csepel, Csillagtelep",0,
100108,100078,N742,"Csepel, Csillagtelep",1,
100109,100078,S362,Dél-pesti autóbuszgarázs,0,
100110,100078,S363,Szent Imre tér,0,
100111,100079,E757,"Lakihegy, Cseresznyés utca",1,
100112,100079,J039,"Lakihegy, Cseresznyés utca",0,
100113,100080,E758,"Csepel, Szent Imre tér",1,
100114,100080,J038,"Csepel, Szent Imre tér",0,
100115,100081,0781,Goldmark Károly utca,1,
100116,100082,S905,Széll Kálmán tér M,0,
100117,100082,4100,Batthyány tér M+H,1,
100118,100082,L691,Széll Kálmán tér M,0,
100119,100083,0583,Budaörsi lakótelep,1,
100120,100083,P624,Budaörsi lakótelep,0,
100121,100084,0584,Móricz Zsigmond körtér,1,
100122,100084,P626,Dayka Gábor utca,0,
100123,100085,6133,"Budaörs, Patkó utca",0,
100124,100085,6137,"Budaörs, Patkó utca",1,
100125,100086,6136,Móricz Zsigmond körtér,0,
100126,100086,6138,Móricz Zsigmond körtér,1,
100127,100087,X133,Budapesti út,0,
100128,100087,G140,Budapesti út,1,
100129,100087,H963,Centenáriumi ltp.(Margit utca),0,
100130,100088,X132,Örs vezér tere M+H,0,
100131,100088,D366,Budapesti út,0,
100132,100088,G139,Örs vezér tere M+H,1,
100133,100088,O804,Sasvár utca,0,
100134,100089,A066,"Cinkota, Lassú utca",1,
100135,100089,A068,"Cinkota, Lassú utca",0,
100136,100090,A067,Örs vezér tere M+H,1,
100137,100091,T413,"Városközpont, Posta",1,
100138,100091,T414,Cinkotai autóbuszgarázs,0,
100139,100092,L995,"Rákoskeresztúr, városközpont",0,
100140,100092,L997,"Újpalota, Nyírpalota út",1,
100141,100092,L998,Cinkotai autóbuszgarázs,0,
100142,100092,M041,"Újpalota, Nyírpalota út",0,
100143,100093,C569,Mindszenty József bíboros tér,1,
100144,100093,O496,Mindszenty József bíboros tér,0,
100145,100094,1513,Dayka Gábor utca,0,
100146,100094,C570,Újbuda-központ,1,
100147,100095,G591,"Pestszentimre, Ültetvény utca",0,
100148,100095,M125,"Pestszentimre, Ültetvény utca",1,
100149,100095,P853,Kéreg utca,0,
100150,100095,P901,Szentlőrinci út,0,
100151,100096,M124,Boráros tér H,0,
100152,100096,M127,Boráros tér H,0,
100153,100096,M128,Boráros tér H,1,
100154,100096,M282,Pestszentimre vasútállomás,0,
100155,100096,M283,Szentlőrinci út,0,
100156,100097,G602,"Gyál, Vecsési út",0,
100157,100097,M129,"Gyál, Vecsési út",1,
100158,100097,P855,Kéreg utca,0,
100159,100097,P856,"Gyál, Vecsési út",0,
100160,100097,P900,Szentlőrinci út,0,
100161,100098,G609,Szentlőrinci út,0,
100162,100098,M130,Boráros tér H,1,
100163,100098,P857,Pestszentimre vasútáll. (Nagykőrösi út),0,
100164,100098,P858,Boráros tér H,0,
100165,100098,M132,Boráros tér H,0,
100166,100099,2375,Hűvösvölgy,1,
100167,100099,N650,Hűvösvölgy,0,
100168,100100,H320,Balatoni út (Háros utca),1,
100169,100101,U741,Savoya Park,1,
100170,100102,N016,"Nagykovácsi, Tisza István tér",1,
100171,100103,N017,Hűvösvölgy,1,
100172,100104,R803,"Solymár, Auchan áruház",1,
100173,100105,R804,Hűvösvölgy,1,
100174,100106,R797,"Solymár, Templom tér",1,
100175,100107,R798,Hűvösvölgy,1,
100176,100108,Q547,Fenyőgyöngye,1,
100177,100109,Q546,Kolosy tér,1,
100178,100110,J520,"Soroksár, központi raktárak",1,
100179,100110,J521,"Soroksár, BILK",0,
100180,100111,1769,Határ út M,0,
100181,100111,J523,Határ út M,1,
100182,100111,J522,Határ út M,0,
100183,100111,P926,"Soroksár, központi raktárak",0,
100184,100112,M760,"Soroksár, BILK",1,
100185,100112,M762,BILK bekötőút,0,
100186,100112,P927,"Soroksár, BILK",0,
100187,100113,M761,Határ út M,0,
100188,100113,M763,Határ út M,1,
100189,100113,P923,"Soroksár, központi raktárak",0,
100190,100114,A114,"Rákoskeresztúr, Aranylúd utca",1,
100191,100114,Q790,"Rákoskeresztúr, Aranylúd utca",0,
100192,100115,A115,Örs vezér tere M+H,1,
100193,100115,B185,Pesti út,0,
100194,100116,0266,"Akadémiaújtelep, 525. tér",1,
100195,100117,A139,"Kispest, Vas Gereben utca",1,
100196,100118,U486,"Csepel, Horgásztanya",1,
100197,100119,U487,"Csepel, Szent Imre tér",1,
100198,100120,G371,"Gyál, Deák Ferenc utca",1,
100199,100120,G380,"Gyál, Deák Ferenc utca",0,
100200,100121,P861,Pestszentimre vasútáll. (Nagykőrösi út),0,
100201,100121,P862,Határ út M,0,
100202,100121,G372,Határ út M,0,
100203,100121,G373,Határ út M,1,
100204,100122,N924,Kőbánya-Kispest M,0,
100205,100122,V412,Kőbánya-Kispest M,1,
100206,100123,V411,Örs vezér tere M+H,1,
100207,100123,V413,Sibrik Miklós út,0,
100208,100123,V414,Örs vezér tere M+H,0,
100209,100124,U253,Kőbánya-Kispest M,1,
100210,100125,U254,Örs vezér tere M+H,1,
100211,100126,R489,Mádi utca,1,
100212,100127,S806,"Óbuda, Bogdáni út",1,
100213,100127,T687,"Óbuda, Bogdáni út",0,
100214,100128,S807,"Újbuda, Függetlenségi park",1,
100215,100128,T688,Vincellér utca,0,
100216,100129,S189,Mechanikai Művek,1,
100217,100130,S190,Kosztolányi Dezső tér,1,
100218,100131,H323,Kamaraerdő,1,
100219,100132,H324,Kosztolányi Dezső tér,1,
100220,100133,0730,"Törökbálint, Munkácsy Mihály utca",1,
100221,100133,L179,"Törökbálint, Munkácsy Mihály utca",0,
100222,100134,0729,Kamaraerdő,1,
100223,100134,L178,Kamaraerdő,0,
100224,100135,G413,"Gyál, Bem József utca",1,
100225,100135,G424,Bajcsy-Zsilinszky utca,0,
100226,100135,G425,"Gyál, Bem József utca",0,
100227,100135,G426,Bajcsy-Zsilinszky utca,0,
100228,100135,P863,Kéreg utca,0,
100229,100135,P864,"Gyál, Bem József utca",0,
100230,100136,G414,Határ út M,1,
100231,100136,G415,Határ út M,0,
100232,100136,G419,Szentlőrinci út,0,
100233,100136,P865,Pestszentimre vasútáll. (Nagykőrösi út),0,
100234,100136,P866,Határ út M,0,
100235,100137,R706,Nyugati pályaudvar M,1,
100236,100137,S136,Vend utca,0,
100237,100138,R707,Széll Kálmán tér M,1,
100238,100139,0285,Bökényföldi út,0,
100239,100139,O287,Auchan Liget,1,
100240,100139,0154,"Kistarcsa, kórház H",0,
100241,100140,6832,Rákosszentmihály vasútállomás,1,
100242,100140,J798,Rákosszentmihály vasútállomás,0,
100243,100140,0155,Rákosszentmihály vasútállomás,0,
100244,100141,V129,Szemeretelep vasútállomás,1,
100245,100142,V130,Kőbánya-Kispest M,1,
100246,100143,V126,"Pestszentlőrinc, Fedezék utca",1,
100247,100144,V127,Kőbánya-Kispest M,1,
100248,100144,V131,Csíky utca / Pozsony utca,0,
100249,100145,G429,"Gyál, Vecsési út",1,
100250,100145,G432,"Gyál, Vecsési út",0,
100251,100146,G430,Határ út M,1,
100252,100146,G431,Határ út M,0,
100253,100146,G433,Szentlőrinci út,0,
100254,100147,Q518,Felsőcsatári köz,0,
100255,100147,S962,Felsőcsatári köz,1,
100256,100148,S963,Puskás Ferenc Stadion M,1,
100257,100149,H442,"Újpest, Fóti út",1,
100258,100150,H443,"Újpalota, Szentmihályi út",1,
100259,100151,M006,"Rákoskeresztúr, vkp. (városhatár felé)",0,
100260,100151,P541,Erzsébet körút,1,
100261,100152,M005,Örs vezér tere M+H,0,
100262,100152,P540,"Rákoskeresztúr, vkp. (metró felé)",1,
100263,100153,N933,Városközpont (Ferihegyi út),1,
100264,100154,L177,"Városközpont, Posta",0,
100265,100154,L181,Diadal utca (Tura utca),0,
100266,100154,L182,"Városközpont, Posta",0,
100267,100154,N934,Kőbánya-Kispest M,1,
100268,100154,N932,Kőbánya-Kispest M,0,
100269,100155,N935,Rákoshegy vasútállomás,0,
100270,100155,N936,Rákoshegy vasútállomás,1,
100271,100156,N937,Kőbánya-Kispest M,1,
100272,100157,E025,"Pesterzsébet, Mátyás király tér",1,
100273,100157,E040,"Pesterzsébet, Mátyás király tér",0,
100274,100158,5184,Blaha Lujza tér M,1,
100275,100159,S733,Örs vezér tere M+H,1,
100276,100160,Q457,Szendrő utca,1,
100277,100160,Q505,Szendrő utca,0,
100278,100161,Q456,Széll Kálmán tér M,1,
100279,100161,Q506,Apor Vilmos tér,0,
100280,100162,U959,Népliget M,1,
100281,100163,U960,Kelenföld vasútállomás,1,
100282,100164,U209,"Dunakeszi, Auchan áruház",1,
100283,100165,U210,"Rákospalota, Kossuth utca",1,
100284,100166,U215,"Székesdűlő, ipartelep",1,
100285,100167,U216,"Rákospalota, Kossuth utca",1,
100286,100167,U217,"Rákospalota, Kossuth utca",0,
100287,100168,O096,Gyöngyösi utca M,1,
100288,100169,X234,Apor Vilmos tér,1,
100289,100170,S579,"Római úti lakótelep, Varsa utca",0,
100290,100170,S581,"Római úti lakótelep, Varsa utca",0,
100291,100170,V343,"Római úti lakótelep, Varsa utca",0,
100292,100170,X379,"Római úti lakótelep, Varsa utca",1,
100293,100171,S580,Árpád híd M,0,
100294,100171,V344,Aquincum H,0,
100295,100171,X380,Árpád híd M,1,
100296,100172,U711,"Újpalota, Nyírpalota út",1,
100297,100173,U712,Kelenföld vasútállomás,1,
100298,100174,U007,Kolosy tér,1,
100299,100175,T395,Batthyány tér M+H,1,
100300,100176,A083,Szendrő utca,0,
100301,100176,J699,Szendrő utca,1,
100302,100176,M361,Thomán István utca,0,
100303,100177,J698,Uránia,1,
100304,100177,M364,BAH-csomópont,0,
100305,100178,B957,"Diósd, Sashegyi út",1,
100306,100179,B958,Budatétény vasútállomás (Campona),1,
100307,100180,B964,"Nagytétény, Angeli utca",1,
100308,100181,B965,Budatétény vasútállomás (Campona),1,
100309,100182,Q350,"Baross Gábor-telep, Ispiláng utca",1,
100310,100183,U742,Kosztolányi Dezső tér,1,
100311,100184,U156,Árpád híd M,1,
100312,100184,U161,Árpád híd M,0,
100313,100185,U157,Boráros tér H,1,
100314,100185,U162,Lehel tér M,0,
100315,100185,U163,Boráros tér H,0,
100316,100186,U171,Fény utcai piac,1,
100317,100187,U172,Dísz tér,1,
100318,100188,T862,Mélytó utca,1,
100319,100189,T863,Kőbánya alsó vasútállomás,1,
100320,100190,W679,Óbudai autóbuszgarázs,1,
100321,100190,W680,Óbudai autóbuszgarázs,0,
100322,100191,W678,Szentlélek tér H,1,
100323,100192,K779,Zodony utca,1,
100324,100193,K780,Gubacsi út,1,
100325,100193,L101,"Pesterzsébet, városközpont",0,
100326,100194,0506,Újpest-Központ M,1,
100327,100195,D960,Árpád híd M,1,
100328,100196,0803,Rákospalota-Újpest vasútállomás,1,
100329,100197,0802,Újpest-Városkapu M,1,
100330,100198,S089,"Káposztásmegyer, Mogyoródi-patak",1,
100331,100199,S091,Újpest-Városkapu M,1,
100332,100200,R328,"Soroksár, Auchan áruház",1,
100333,100201,T031,Határ út M,1,
100334,100202,J597,Szentlőrinci úti lakótelep,1,
100335,100203,T032,Határ út M,1,
100336,100204,H424,"Rákospalota, Bogáncs utca",1,
100337,100204,H669,"Rákospalota, Bogáncs utca",0,
100338,100205,H425,Bosnyák tér,1,
100339,100206,H428,"Rákospalota, MEDIMPEX",1,
100340,100207,J367,Bosnyák tér,1,
100341,100208,D604,"Dunakeszi, Auchan áruház",1,
100342,100209,D605,"Káposztásmegyer, Szilas-patak",1,
100343,100210,D610,"Káposztásmegyer, Mogyoródi-patak",1,
100344,100211,D611,"Káposztásmegyer, Szilas-patak",1,
100345,100212,J086,Városkúti út,1,
100346,100213,J087,Széll Kálmán tér M,1,
100347,100214,K028,Széher út,1,
100348,100214,K108,Széher út,0,
100349,100215,K029,Széll Kálmán tér M,1,
100350,100216,L803,"Újpalota, Sárfű utca",1,
100351,100217,L804,Puskás Ferenc Stadion M,1,
100352,100218,N504,"Kisszentmihály, Baross utca",1,
100353,100219,M993,Csömöri út,0,
100354,100219,N503,Örs vezér tere M+H,1,
100355,100220,0448,Árpád híd M,1,
100356,100221,0449,Lehel tér M,1,
100357,100222,U533,Nagytétény vasútállomás,1,
100358,100222,U555,Hengermalom út,0,
100359,100223,U534,Bosnyák tér,1,
100360,100223,U626,Bosnyák tér,0,
100361,100224,P639,"Békásmegyer, Újmegyeri tér",1,
100362,100225,P640,Szentlélek tér H,1,
100363,100226,I836,Fiatalság utca,0,
100364,100226,N950,Fiatalság utca,1,
100365,100227,G697,Vörösmarty Mihály utca,0,
100366,100227,N951,Kőbánya-Kispest M,1,
100367,100228,1135,Máramaros út,0,
100368,100228,I032,Máramaros út,1,
100369,100229,C709,Szentlélek tér H,1,
100370,100229,K638,Bécsi út,0,
100371,100230,2490,Budatétény vasútállomás (Campona),0,
100372,100230,6790,Budatétény vasútállomás (Campona),1,
100373,100231,2491,"Csepel, Szent Imre tér",0,
100374,100231,6791,"Csepel, Szent Imre tér",1,
100375,100232,U149,Gazdagréti tér,1,
100376,100232,U372,Gazdagréti tér,0,
100377,100233,U150,Széll Kálmán tér M,1,
100378,100233,U373,Dayka Gábor utca,0,
100379,100234,T812,"Törökbálint, bevásárlóközpont",1,
100380,100234,T855,Határ utca,0,
100381,100235,5231,Budaörsi lakótelep,1,
100382,100235,5233,Budaörsi lakótelep,0,
100383,100235,N883,"Törökbálint, Munkácsy Mihály utca",0,
100384,100236,T840,"Törökbálint, bevásárlóközpont",1,
100385,100237,T847,Budaörsi lakótelep,1,
100386,100238,H265,Balatoni út (Háros utca),1,
100387,100239,H266,Kelenföld vasútállomás,1,
100388,100240,V177,Békásmegyer H,1,
100389,100241,0028,"Rákosszentmihály, Csömöri út",1,
100390,100242,0030,Örs vezér tere M+H,1,
100391,100242,G389,"Rákosszentmihály, Csömöri út",0,
100392,100243,T418,"Rákoskeresztúr, városközpont",1,
100393,100244,H939,"Rákoskeresztúr, városközpont",1,
100394,100245,0538,"Megyer, Julianus barát utca",1,
100395,100246,0540,Újpest-Központ M,1,
100396,100247,N952,"Csepel, Soroksári rév",1,
100397,100247,N712,"Csepel, Soroksári rév",0,
100398,100247,N711,Szent Imre tér,0,
100399,100248,N713,Szent Imre tér H,0,
100400,100248,N953,Kőbánya-Kispest M,1,
100401,100248,W775,Nagykőrösi út/Határ út,0,
100402,100249,G097,Fenyves utca,1,
100403,100250,R723,Széll Kálmán tér M,1,
100404,100251,U743,Budatétény vasútállomás (Campona),1,
100405,100251,U749,Budatétény vasútállomás (Campona),0,
100406,100251,U995,Husáng utca,0,
100407,100252,U143,Újbuda-központ,1,
100408,100253,E796,"Őrmezői lakótelep, Menyecske utca",0,
100409,100253,H257,"Őrmezői lakótelep, Menyecske utca",1,
100410,100254,E799,Sasadi út,0,
100411,100254,J336,Újbuda-központ,1,
100412,100255,S853,"Csepel, Határ utca",1,
100413,100256,S854,Kőbánya alsó vasútállomás,1,
100414,100256,S861,"Pesterzsébet, Baross utca",0,
100415,100256,S867,Kőbánya alsó vasútállomás,0,
100416,100256,S860,Kőbánya alsó vasútállomás,0,
100417,100257,R490,Simonyi Zsigmond utca,1,
100418,100258,J107,"Csepel, Királyerdő út",1,
100419,100259,J108,"Csepel, Szent Imre tér",1,
100420,100260,E820,Gazdagréti tér,1,
100421,100261,E819,Móricz Zsigmond körtér,1,
100422,100261,E824,Dayka Gábor utca,0,
100423,100262,R688,Zugligeti út,1,
100424,100262,S138,Zugligeti út,0,
100425,100263,R689,Széll Kálmán tér M,1,
100426,100264,R691,Dániel út,1,
100427,100265,R692,Széll Kálmán tér M,1,
100428,100266,2380,"Budaliget, Géza fejedelem útja",1,
100429,100267,2381,Hűvösvölgy,1,
100430,100268,J105,Szent László utcai lakótelep,1,
100431,100269,J106,"Csepel, Szent Imre tér",1,
100432,100270,I366,Békásmegyer H,0,
100433,100270,G396,Békásmegyer H,1,
100434,100271,I367,Batthyány tér M+H,0,
100435,100271,G397,Batthyány tér M+H,1,
100436,100271,G937,Batthyány tér M+H,0,
100437,100272,M010,Kucorgó tér,1,
100438,100272,M012,Kucorgó tér,0,
100439,100273,P542,Örs vezér tere M+H,1,
100440,100273,P543,"Rákoskeresztúr, vkp. (metró felé)",0,
100441,100274,M238,"Rákoskeresztúr, Kis utcai lakótelep",1,
100442,100275,M239,Örs vezér tere M+H,1,
100443,100276,S294,"Maglód, Auchan áruház",0,
100444,100276,S245,"Maglód, Auchan áruház",1,
100445,100276,S246,"Rákoskeresztúr, vkp. (városhatár felé)",0,
100446,100277,T866,Kőbánya alsó vasútállomás,1,
100447,100277,M021,"Rákoskeresztúr, vkp. (metró felé)",0,
100448,100277,S293,Kőbánya alsó vasútállomás,0,
100449,100278,S247,"Rákoskeresztúr, vkp. (metró felé)",1,
100450,100279,S296,Kőbánya alsó vasútállomás,1,
100451,100280,R828,"Solymár, PEMÜ",0,
100452,100280,R842,Templom tér,1,
100453,100280,R844,"Solymár, PEMÜ",0,
100454,100281,R829,Hűvösvölgy,1,
100455,100281,R843,Hűvösvölgy,0,
100456,100281,R845,"Solymár, Templom tér",0,
100457,100282,3158,Remetehegyi út,1,
100458,100283,3159,Kolosy tér,1,
100459,100284,G186,"Pestszentlőrinc, Mednyánszky utca",0,
100460,100284,H990,Pestszentimre vasútállomás (Dózsa Gy.u.),0,
100461,100284,G187,Ferihegy vasútállomás,0,
100462,100284,G188,"Pestszentlőrinc, Mednyánszky utca",0,
100463,100284,H988,Ferihegy vasútállomás,1,
100464,100285,H989,Gubacsi út,0,
100465,100285,G189,"Pestszentlőrinc, Béke tér",0,
100466,100285,M768,Gubacsi út,1,
100467,100286,H364,Ferihegy vasútállomás,1,
100468,100287,M770,Pestszentimre vasútállomás (Vasút utca),1,
100469,100288,G742,"Rákoshegy, Ferihegyi út",0,
100470,100288,G747,"Rákoshegy, Ferihegyi út",1,
100471,100289,G748,Örs vezér tere M+H,1,
100472,100289,G749,Rákoshegy vasútállomás,0,
100473,100290,M026,"Pécel, Kun József utca",1,
100474,100290,M031,"Pécel, Kun József utca",0,
100475,100291,M027,Örs vezér tere M+H,1,
100476,100291,M030,"Rákoskeresztúr, vkp. (metró felé)",0,
100477,100292,H474,"Rákospalota, Csömöri-patak",1,
100478,100293,H473,Újpest-Központ M,1,
100479,100294,T040,"Törökbálint, Munkácsy Mihály utca",1,
100480,100294,T051,"Törökbálint, Munkácsy Mihály utca",0,
100481,100295,T041,Kosztolányi Dezső tér,1,
100482,100295,T052,Dayka Gábor utca,0,
100483,100295,T937,Móricz Zsigmond körtér,0,
100484,100295,T967,Kosztolányi Dezső tér,0,
100485,100296,G173,Cinkota H,1,
100486,100297,G174,Örs vezér tere M+H,1,
100487,100297,S402,Örs vezér tere M+H,0,
100488,100298,D144,Cinkota H,1,
100489,100299,D146,"Újpalota, Szentmihályi út",1,
100490,100300,N360,"Rákoscsaba-Újtelep, Tóalmás utca",1,
100491,100300,N745,"Rákoscsaba-Újtelep, Tóalmás utca",0,
100492,100301,N744,Örs vezér tere M+H,1,
100493,100301,N746,Vidor utca,0,
100494,100302,U206,Alagút utca,0,
100495,100302,W470,Keleti pályaudvar M,1,
100496,100303,U207,Naphegy tér,0,
100497,100303,U326,Naphegy tér,0,
100498,100303,U510,Naphegy tér,0,
100499,100303,W801,Naphegy tér,1,
100500,100303,W802,Krisztina tér,0,
100501,100304,T651,"Csepel, Szent Imre tér",1,
100502,100305,U488,Közvágóhíd H,1,
100503,100306,G048,"József Attila ltp., Távíró utca",1,
100504,100307,G049,Aszódi utca,1,
100505,100308,N956,Alacskai úti lakótelep,1,
100506,100308,O389,Alacskai úti lakótelep,0,
100507,100309,N959,Kőbánya-Kispest M,1,
100508,100309,O390,Gilice tér,0,
100509,100310,6833,Szemeretelep vasútállomás,1,
100510,100310,6863,Szemeretelep vasútállomás,0,
100511,100311,0145,"Pestszentlőrinc, Szarvas csárda tér",1,
100512,100312,N961,"Pestszentimre, Benjámin utca",1,
100513,100312,O397,"Pestszentimre, Benjámin utca",0,
100514,100313,N962,Kőbánya-Kispest M,1,
100515,100313,O398,Obszervatórium,0,
100516,100314,3801,"Újhegyi út, Sportliget",1,
100517,100315,J373,Kőbánya alsó vasútállomás,1,
100518,100316,V184,Donát utca,1,
100519,100317,V185,Békásmegyer H,1,
100520,100318,S192,Kamaraerdő,1,
100521,100319,S193,Kosztolányi Dezső tér,1,
100522,100320,S184,Budaörsi Ipari és Technológiai Park,1,
100523,100321,S186,"Budaörs, Tetra Pak",1,
100524,100321,S187,Móricz Zsigmond körtér,0,
100525,100321,S188,Dayka Gábor utca,0,
100526,100322,V735,Sarolta utca,1,
100527,100323,V046,Nyugati pályaudvar M,1,
100528,100324,E182,"Pestszentlőrinc, Mednyánszky utca",0,
100529,100324,N966,"Pestszentlőrinc, Mednyánszky utca",1,
100530,100325,E183,Béke tér (Üllői út),0,
100531,100325,N967,Kőbánya-Kispest M,1,
100532,100326,7504,Gloriett lakótelep,0,
100533,100326,J088,Gloriett lakótelep,1,
100534,100327,J089,Határ út M,1,
100535,100328,S092,"Újpest, Fóti út",1,
100536,100329,S093,"Újpalota, Szentmihályi út",1,
100537,100330,P815,Újpest-Városkapu M,1,
100538,100331,H549,"Újpalota, Szentmihályi út",1,
100539,100332,M689,Rákoskert vasútállomás,1,
100540,100332,M709,Rákoskert vasútállomás,0,
100541,100332,M710,Kucorgó tér,0,
100542,100333,M035,"Rákoscsaba-Újtelep, Tóalmás utca",1,
100543,100333,R878,Városközpont (Ferihegyi út),0,
100544,100333,M036,"Rákoscsaba-Újtelep, Tóalmás utca",0,
100545,100333,R877,"Rákoscsaba-Újtelep, Tóalmás utca",0,
100546,100334,M037,Ároktő út,0,
100547,100334,R879,Dél-pesti autóbuszgarázs,1,
100548,100334,R899,Dél-pesti autóbuszgarázs,0,
100549,100335,G556,Áchim András utca,1,
100550,100336,G557,Határ út M,1,
100551,100336,G558,Ady Endre út,0,
100552,100337,R555,Liszt Ferenc Airport 2,1,
100553,100337,U509,Kőbánya-Kispest M,0,
100554,100338,U482,Kőbánya-Kispest M,1,
100555,100338,U483,Határ út M,0,
100556,100339,M080,Kucorgó tér,1,
100557,100339,R511,Kucorgó tér,0,
100558,100340,R512,Kőbánya-Kispest M,1,
100559,100341,P555,Kucorgó tér,0,
100560,100341,R515,Kucorgó tér,1,
100561,100341,R518,"Rákoskeresztúr, vkp. (városhatár felé)",0,
100562,100342,M086,"Rákoskeresztúr, vkp. (metró felé)",0,
100563,100342,R516,Kőbánya-Kispest M,1,
100564,100342,R519,Kőbánya-Kispest M,0,
100565,100343,T773,Neumann János utca,1,
100566,100344,T774,"Petőfi híd, budai hídfő",1,
100567,100345,U218,Békásmegyer H,0,
100568,100345,U220,Békásmegyer H,1,
100569,100346,S071,Újpest-Központ M,0,
100570,100346,U219,"Rákospalota, Kossuth utca",1,
100571,100346,U221,"Rákospalota, Kossuth utca",0,
100572,100346,U230,"Rákospalota, Kossuth utca",0,
100573,100347,O579,Svábhegy,1,
100574,100347,O580,Svábhegy,0,
100575,100347,O604,Vincellér utca,0,
100576,100348,O578,Boráros tér H,1,
100577,100348,O582,"Ortopédia, Vérellátó",0,
100578,100348,O603,Boráros tér H,0,
100579,100349,U790,"Baross Gábor-telep, Török utca",1,
100580,100349,U795,"Baross Gábor-telep, Török utca",0,
100581,100350,U791,Kosztolányi Dezső tér,1,
100582,100350,U798,XIII. utca / Dózsa György út,0,
100583,100351,Q354,"Baross Gábor-telep, Ispiláng utca",1,
100584,100352,U800,Kosztolányi Dezső tér,1,
100585,100353,J371,"Pestszentlőrinc, Szarvas csárda tér",0,
100586,100353,J369,"Pestszentlőrinc, Szarvas csárda tér",1,
100587,100354,J372,Kőbánya alsó vasútállomás,0,
100588,100354,J370,Kőbánya alsó vasútállomás,1,
100589,100355,G320,"Pestszentlőrinc, Szarvas csárda tér",1,
100590,100355,G547,Sibrik Miklós út,0,
100591,100356,G319,Blaha Lujza tér M,1,
100592,100356,M872,Kőbánya alsó vasútállomás,0,
100593,100357,J035,"Pilisborosjenő, Téglagyári tér",1,
100594,100357,O276,"Pilisborosjenő, Téglagyári tér",0,
100595,100358,J036,Szentlélek tér H,1,
100596,100358,O277,Óbudai temető,0,
100597,100359,O258,"Solymár, Auchan áruház",1,
100598,100360,O259,Szentlélek tér H,1,
100599,100361,H460,"Újpest, Erdősor út",1,
100600,100362,H461,Újpest-Központ M,1,
100601,100363,N702,"Budakeszi, Honfoglalás sétány",1,
100602,100364,R704,Széll Kálmán tér M,1,
100603,100365,T409,"Újpalota, Szentmihályi út",1,
100604,100366,P830,"Rákospalota, Székely Elek út",1,
100605,100367,N024,Mexikói út M,1,
100606,100368,W650,Óbudai-sziget,1,
100607,100369,W649,Nyugati pályaudvar M,1,
100608,100370,W493,"Megyer, Aquaworld",1,
100609,100371,W489,Keleti pályaudvar M,1,
100610,100372,G845,"Rákospalota, Széchenyi tér",1,
100611,100372,G848,"Rákospalota, Széchenyi tér",0,
100612,100373,G844,Örs vezér tere M+H,1,
100613,100374,U551,Budatétény vasútállomás (Campona),0,
100614,100374,U552,Budatétény vasútállomás (Campona),1,
100615,100374,U572,Hengermalom út,0,
100616,100375,U553,Bosnyák tér,0,
100617,100375,U554,Bosnyák tér,1,
100618,100375,U627,Bosnyák tér,0,
100619,100376,V233,Jablonka út,1,
100620,100377,K712,Bécsi út,0,
100621,100377,V234,Szentlélek tér H,1,
100622,100378,G567,Gazdagréti tér,1,
100623,100378,I005,Sasadi út,0,
100624,100378,P760,Gazdagréti tér,0,
100625,100379,G571,Dayka Gábor utca,0,
100626,100379,P700,Uránia,1,
100627,100379,P709,Keleti pályaudvar M,0,
100628,100380,R696,Budaörsi lakótelep,0,
100629,100380,W993,Budaörsi lakótelep,1,
100630,100381,R694,Móricz Zsigmond körtér,0,
100631,100381,W997,Móricz Zsigmond körtér,1,
100632,100381,W998,Dayka Gábor utca,0,
100633,100382,R708,Budaörsi lakótelep,1,
100634,100382,R711,Budaörsi lakótelep,0,
100635,100383,R709,Móricz Zsigmond körtér,1,
100636,100383,R710,Sasadi út,0,
100637,100384,V181,Pince köz,1,
100638,100384,V182,Békásmegyer H,0,
100639,100385,D369,Budapesti út,0,
100640,100385,G182,Budapesti út,1,
100641,100386,D370,Olga utca,0,
100642,100386,G181,Örs vezér tere M+H,1,
100643,100387,U807,Savoya Park,1,
100644,100388,U808,Újbuda-központ,1,
100645,100388,U813,Újbuda-központ,0,
100646,100389,U814,Arany János utcai lakótelep,1,
100647,100390,U815,Savoya Park,1,
100648,100390,U816,"Budafok, Városház tér",0,
100649,100391,K091,"Budafok, Vincellér út",0,
100650,100391,W954,Memento Park,1,
100651,100392,K090,"Budafok, Városház tér",0,
100652,100392,W955,"Budafok, Városház tér",1,
100653,100393,E861,Alacskai úti lakótelep,0,
100654,100393,J486,Alacskai úti lakótelep,1,
100655,100393,J528,Alacskai úti lakótelep,0,
100656,100394,E860,Népliget M,0,
100657,100394,J529,Szentlőrinci út,0,
100658,100394,M775,Népliget M,1,
100659,100395,2384,Hűvösvölgy,1,
100660,100395,C026,Hűvösvölgy,0,
100661,100395,N649,Solymári elágazás,0,
100662,100396,I368,Kocsis Sándor út,0,
100663,100396,G394,Kocsis Sándor út,1,
100664,100397,I369,Batthyány tér M+H,0,
100665,100397,G395,Batthyány tér M+H,1,
100666,100398,M024,"Rákoskeresztúr, városközpont",1,
100667,100399,M025,Örs vezér tere M+H,1,
100668,100400,M095,Erzsébet körút,0,
100669,100400,S248,Erzsébet körút,1,
100670,100400,S249,"Rákoskeresztúr, vkp. (városhatár felé)",0,
100671,100401,M099,"Rákoskeresztúr, vkp. (metró felé)",0,
100672,100401,S297,Kőbánya alsó vasútállomás,1,
100673,100401,T872,Kőbánya alsó vasútállomás,0,
100674,100402,R313,"Solymár, PEMÜ",1,
100675,100403,R312,Hűvösvölgy,1,
100676,100404,G201,Ferihegy vasútállomás,1,
100677,100405,L864,"Pestszentlőrinc, Mednyánszky utca",0,
100678,100405,M777,Pestszentimre vasútállomás (Vasút utca),1,
100679,100406,T035,"Törökbálint, Munkácsy Mihály utca",1,
100680,100406,T037,"Törökbálint, Munkácsy Mihály utca",0,
100681,100407,T036,Kosztolányi Dezső tér,1,
100682,100407,T038,Dayka Gábor utca,0,
100683,100408,N644,Rákosliget vasútállomás,0,
100684,100408,T879,Injekcióüzem,1,
100685,100408,T881,Rákosliget vasútállomás,0,
100686,100408,T883,Cinkotai autóbuszgarázs,0,
100687,100408,T884,Vidor utca,0,
100688,100409,K902,Örs vezér tere M+H,0,
100689,100409,M858,Örs vezér tere M+H,1,
100690,100410,D150,Bosnyák tér,1,
100691,100411,D151,Örs vezér tere M+H,1,
100692,100412,G060,Aszódi utca,1,
100693,100413,N981,Alacskai úti lakótelep,1,
100694,100413,O393,Alacskai úti lakótelep,0,
100695,100414,N982,Kőbánya-Kispest M,1,
100696,100415,N983,"Pestszentimre, Benjámin utca",1,
100697,100415,O401,"Pestszentimre, Benjámin utca",0,
100698,100416,N984,Kőbánya-Kispest M,1,
100699,100417,V047,"Zugliget, Libegő",1,
100700,100418,S534,Budagyöngye,0,
100701,100418,V048,Nyugati pályaudvar M,1,
100702,100419,G440,"Gyál, Vecsési út",0,
100703,100419,G443,"Gyál, Vecsési út",0,
100704,100419,P867,Kéreg utca,1,
100705,100419,P868,"Gyál, Vecsési út",0,
100706,100420,G441,Határ út M,1,
100707,100420,G446,Szentlőrinci út,0,
100708,100421,H441,"Káposztásmegyer, Szilas-patak",1,
100709,100422,H440,"Újpalota, Szentmihályi út",1,
100710,100423,L685,Puskás Ferenc Stadion M,0,
100711,100423,W388,Lehel utca,1,
100712,100423,W392,Lehel utca,0,
100713,100424,L684,Közvágóhíd H,0,
100714,100424,W389,Közvágóhíd H,1,
100715,100424,W391,Puskás Ferenc Stadion M,0,
100716,100425,W397,Lehel utca,1,
100717,100425,W399,Lehel utca,0,
100718,100425,W987,Puskás Ferenc Stadion M,0,
100719,100426,L712,Népliget M,0,
100720,100426,W398,Népliget M,1,
100721,100426,W988,Puskás Ferenc Stadion M,0,
100722,100427,U142,Közvágóhíd,1,
100723,100428,U144,Kossuth Lajos tér (Széchenyi rakpart),1,
100724,100429,J413,Száva kocsiszín,0,
100725,100429,V360,Nagykőrösi út/Határ út,0,
100726,100429,5911,Örs vezér tere - Kőbánya M,0,
100727,100429,B099,Gubacsi út,1,
100728,100429,B180,Gubacsi út,0,
100729,100429,J407,Nagykőrösi út/Határ út,0,
100730,100429,L187,Gubacsi út,0,
100731,100429,L967,Zugló kocsiszín,0,
100732,100429,N958,Gubacsi út,0,
100733,100430,5568,Száva kocsiszín,0,
100734,100430,5572,Zugló kocsiszín,0,
100735,100430,B098,Mexikói út M,1,
100736,100430,J396,Mexikói út M,0,
100737,100430,L188,Mexikói út M,0,
100738,100431,0977,Újbuda-központ,1,
100739,100431,1957,Hungária kocsiszín,0,
100740,100431,2064,Újbuda-központ,0,
100741,100432,2065,Széll Kálmán tér M,0,
100742,100432,0976,Széll Kálmán tér M,1,
100743,100432,6914,Blaha Lujza tér M,0,
100744,100433,B824,Móricz Zsigmond körtér,0,
100745,100433,B823,Hungária kocsiszín,0,
100746,100433,B693,Móricz Zsigmond körtér,1,
100747,100434,B825,Blaha Lujza tér M,0,
100748,100434,2066,Széll Kálmán tér M,0,
100749,100434,B692,Széll Kálmán tér M,1,
100750,100435,B213,"Rákospalota, Kossuth utca",1,
100751,100435,L129,"Rákospalota, Kossuth utca",0,
100752,100436,B212,Angyalföld kocsiszín,1,
100753,100436,L130,Tél utca,0,
100754,100437,B116,"Káposztásmegyer, Megyeri út",1,
100755,100437,L119,"Káposztásmegyer, Megyeri út",0,
100756,100438,B117,Lehel tér M,1,
100757,100438,O797,Angyalföld kocsiszín (telephely),0,
100758,100438,O798,Angyalföld kocsiszín (telephely),0,
100759,100439,1020,Bécsi út (Vörösvári út),1,
100760,100440,1019,"Margit híd, budai hídfő H",1,
100761,100440,X156,Széll Kálmán tér M,0,
100762,100441,I674,Savoya Park,1,
100763,100441,I977,Móricz Zsigmond körtér,0,
100764,100441,L014,Budafok kocsiszín,0,
100765,100442,I675,Széll Kálmán tér M,1,
100766,100442,I974,Móricz Zsigmond körtér,0,
100767,100442,I976,Széll Kálmán tér M,0,
100768,100442,L015,Móricz Zsigmond körtér,0,
100769,100443,1986,Kelenföld kocsiszín,0,
100770,100443,J899,Kelenföld vasútállomás,1,
100771,100444,J900,Batthyány tér M+H,1,
100772,100444,J904,Batthyány tér M+H,0,
100773,100445,1174,Közvágóhíd,1,
100774,100445,L135,Haller utca (Soroksári út),0,
100775,100446,1176,Keleti pályaudvar M,1,
100776,100446,L134,Keleti pályaudvar M,0,
100777,100447,K873,Izraelita temető,1,
100778,100448,K874,Blaha Lujza tér M,1,
100779,100448,L141,Blaha Lujza tér M,0,
100780,100448,N882,Új köztemető (Kozma utca),0,
100781,100449,N869,Új köztemető (Kozma utca),1,
100782,100449,N873,Orczy tér,0,
100783,100449,N878,Baross kocsiszín,0,
100784,100449,N879,Új köztemető (Kozma utca),0,
100785,100450,N870,Blaha Lujza tér M,1,
100786,100450,N871,Blaha Lujza tér M,0,
100787,100450,N872,Baross kocsiszín (Baross kapu),0,
100788,100450,N877,Baross kocsiszín,0,
100789,100451,U915,Új köztemető (Kozma utca),1,
100790,100452,U916,Blaha Lujza tér M,1,
100791,100453,U921,Sörgyár,1,
100792,100454,U951,Száva kocsiszín,0,
100793,100454,U922,Blaha Lujza tér M,1,
100794,100455,J902,Kamaraerdei Ifjúsági Park,1,
100795,100455,Q480,Kamaraerdei Ifjúsági Park,0,
100796,100456,J901,Batthyány tér M+H,1,
100797,100456,J906,Batthyány tér M+H,0,
100798,100456,L035,Móricz Zsigmond körtér,0,
100799,100456,Q478,Budafok kocsiszín,0,
100800,100457,1204,"Budafok, Városház tér",1,
100801,100457,2032,Budafok kocsiszín,0,
100802,100457,I999,Kelenföld kocsiszín,0,
100803,100457,J456,Móricz Zsigmond körtér,0,
100804,100457,L044,Budafok kocsiszín,0,
100805,100458,1203,Deák Ferenc tér M,1,
100806,100458,J453,Móricz Zsigmond körtér,0,
100807,100458,L865,Deák Ferenc tér M,0,
100808,100459,1206,Kelenföld vasútállomás,1,
100809,100460,1205,Deák Ferenc tér M,1,
100810,100461,1207,"Pestszentlőrinc, Béke tér",1,
100811,100462,1208,Határ út M,1,
100812,100463,N756,Nagysándor József utca,1,
100813,100463,N762,Nagysándor József utca,0,
100814,100463,N766,Száva kocsiszín,0,
100815,100464,N757,Mester utca (Ferenc körút),1,
100816,100464,N763,Száva kocsiszín,0,
100817,100465,N769,Ferencváros vasútállomás,1,
100818,100466,N770,Mester utca (Ferenc körút),1,
100819,100467,B103,"Pesterzsébet, Pacsirtatelep",1,
100820,100468,B104,Határ út M,1,
100821,100469,D209,"Farkasrét, Márton Áron tér",1,
100822,100469,Q512,"Farkasrét, Márton Áron tér",0,
100823,100470,D208,Szent János Kórház,1,
100824,100471,G469,"Farkasrét, Márton Áron tér",1,
100825,100472,G470,Széll Kálmán tér M,1,
100826,100473,G368,"Széchenyi-hegy, Gyermekvasút",1,
100827,100474,G367,Városmajor,1,
100828,100475,X020,Zuhatag sor,1,
100829,100475,X022,Zuhatag sor,0,
100830,100475,X024,Zuhatag sor,0,
100831,100475,I669,Széll Kálmán tér M,0,
100832,100475,R268,Budagyöngye,0,
100833,100475,I295,Hűvösvölgy,0,
100834,100475,I667,Hűvösvölgy,0,
100835,100475,L751,Hűvösvölgy,0,
100836,100476,X021,Móricz Zsigmond körtér,1,
100837,100476,X023,Széll Kálmán tér M,0,
100838,100476,X066,Szépilona kocsiszín,0,
100839,100476,I668,Móricz Zsigmond körtér,0,
100840,100476,L752,Széll Kálmán tér M,0,
100841,100476,I296,Móricz Zsigmond körtér,0,
100842,100476,I298,Szépilona kocsiszín,0,
100843,100476,I666,Széll Kálmán tér M,0,
100844,100477,E978,"Rákospalota, MÁV-telep",1,
100845,100477,L194,"Rákospalota, MÁV-telep",0,
100846,100478,E977,Blaha Lujza tér M,1,
100847,100479,J418,Kőbánya alsó vasútállomás (Mázsa tér),0,
100848,100479,E769,"Rákospalota, MÁV-telep",1,
100849,100480,E784,Kőbánya alsó vasútállomás (Mázsa tér),1,
100850,100481,1246,"Újpalota, Erdőkerülő utca",1,
100851,100481,2061,Zugló kocsiszín,0,
100852,100481,L839,"Újpalota, Erdőkerülő utca",0,
100853,100482,1245,Mexikói út M,1,
100854,100482,4439,Zugló kocsiszín,0,
100855,100483,V420,"Erzsébet királyné útja, aluljáró",1,
100856,100484,V419,Kossuth Lajos tér M (Kozma Ferenc utca),1,
100857,100485,S395,Zugló vasútállomás,1,
100858,100485,S397,Vakok Intézete,0,
100859,100486,S396,Arany János utca M,1,
100860,100486,S398,Arany János utca M,0,
100861,100487,S399,Keleti pályaudvar M,1,
100862,100488,S400,Arany János utca M,1,
100863,100489,C552,Csáktornya park,0,
100864,100489,S625,Csáktornya park,1,
100865,100489,W405,Zichy Géza utca,0,
100866,100490,S626,Károly körút (Astoria M),1,
100867,100490,S627,Vakok Intézete,0,
100868,100491,S628,Csáktornya park,1,
100869,100492,S629,Mexikói út M,1,
100870,100493,S375,Puskás Ferenc Stadion M,1,
100871,100494,S374,Jászai Mari tér,1,
100872,100495,S630,Keleti pályaudvar M,1,
100873,100496,S631,Jászai Mari tér,1,
100874,100497,S632,Öv utca (Egressy út),1,
100875,100498,S633,Puskás Ferenc Stadion M,1,
100876,100498,S635,Puskás Ferenc Stadion M,0,
100877,100499,V421,Keleti pályaudvar M,1,
100878,100500,V422,Kossuth Lajos tér M (Kozma Ferenc utca),1,
100879,100501,U775,Kárpát utca,1,
100880,100501,U780,Kárpát utca,0,
100881,100502,U771,Keleti pályaudvar M,1,
100882,100502,U818,Damjanich utca,0,
100883,100503,G771,Örs vezér tere M+H,0,
100884,100503,S381,Örs vezér tere M+H,1,
100885,100504,O626,Puskás Ferenc Stadion M,0,
100886,100504,S382,Keleti pályaudvar M,1,
100887,100505,G762,Csertő utca,1,
100888,100505,G767,Csertő utca,0,
100889,100506,S383,Keleti pályaudvar M,1,
100890,100506,S384,Puskás Ferenc Stadion M,0,
100891,100507,O318,Fogarasi út,1,
100892,100507,O627,Zsálya utca,0,
100893,100508,E306,Örs vezér tere M+H,1,
100894,100508,S640,Örs vezér tere M+H,0,
100895,100509,E211,Egressy út,0,
100896,100509,S385,Örs vezér tere M+H,1,
100897,100510,S386,Uzsoki Utcai Kórház,1,
100898,100510,S387,Uzsoki Utcai Kórház,0,
100899,100511,U703,Orczy tér,1,
100900,100511,U770,Kálvária tér,0,
100901,100512,U704,Fővám tér,1,
100902,100513,1110,Mexikói út M,1,
100903,100513,2227,Mexikói út M,0,
100904,100514,1109,Vörösmarty tér,1,
100905,100514,2226,Vörösmarty tér,0,
100906,100515,1112,Örs vezér tere M+H,1,
100907,100515,2140,Déli pályaudvar M,0,
100908,100516,1111,Déli pályaudvar M,1,
100909,100517,2232,Kőbánya-Kispest M,0,
100910,100517,1114,Kőbánya-Kispest M,1,
100911,100517,2148,Kőbánya-Kispest M,0,
100912,100518,1113,Újpest-Központ M,1,
100913,100519,2247,Gödöllő,0,
100914,100519,1225,Gödöllő,1,
100915,100519,2246,Cinkota H,0,
100916,100519,L638,Gödöllő,0,
100917,100520,2248,Cinkota H,0,
100918,100520,1226,Örs vezér tere M+H,1,
100919,100520,2249,Örs vezér tere M+H,0,
100920,100520,L639,Cinkota H,0,
100921,100521,5145,Cinkota H,1,
100922,100522,5146,Örs vezér tere M+H,1,
100923,100523,2265,"Csömör, 2. vágány",0,
100924,100523,1227,"Csömör, 2. vágány",1,
100925,100523,L640,"Csömör, 2. vágány",0,
100926,100524,2266,Cinkota H,0,
100927,100524,1228,Örs vezér tere M+H,1,
100928,100524,L641,Cinkota H,0,
100929,100525,L676,Ráckeve 2. vágány,0,
100930,100525,L677,Ráckeve 2. vágány,0,
100931,100525,1229,Ráckeve 2. vágány,1,
100932,100525,L650,Ráckeve 2. vágány,0,
100933,100525,L651,Ráckeve 2. vágány,0,
100934,100525,L652,Ráckeve 2. vágány,0,
100935,100525,L653,Ráckeve 2. vágány,0,
100936,100525,L654,Ráckeve 2. vágány,0,
100937,100525,L661,Ráckeve 2. vágány,0,
100938,100526,L667,Dunaharaszti külső,0,
100939,100526,L678,Közvágóhíd,0,
100940,100526,L679,Közvágóhíd,0,
100941,100526,1230,Közvágóhíd,0,
100942,100526,L655,Közvágóhíd,0,
100943,100526,L656,Közvágóhíd,0,
100944,100526,L657,Közvágóhíd,1,
100945,100526,L658,Közvágóhíd,0,
100946,100526,L659,Közvágóhíd,0,
100947,100526,L668,Dunaharaszti külső,0,
100948,100526,L669,Dunaharaszti külső,0,
100949,100527,L680,Tököl,0,
100950,100527,2267,Tököl,0,
100951,100527,L635,Tököl,0,
100952,100527,L670,Tököl,1,
100953,100527,L671,Tököl,0,
100954,100527,L674,Tököl,0,
100955,100528,L681,Közvágóhíd,0,
100956,100528,2268,Közvágóhíd,0,
100957,100528,L637,Dunaharaszti külső,0,
100958,100528,L672,Közvágóhíd,1,
100959,100528,L675,Dunaharaszti külső,0,
100960,100529,2269,Dunaharaszti külső,0,
100961,100529,L696,Dunaharaszti külső,1,
100962,100530,2270,Közvágóhíd,1,
100963,100530,L695,Közvágóhíd,0,
100964,100531,S997,"Csepel, 2. vágány",0,
100965,100531,S999,"Csepel, 2. vágány",1,
100966,100531,T001,"Csepel, 2. vágány",0,
100967,100532,T002,Boráros tér H,1,
100968,100532,T003,Boráros tér H,0,
100969,100532,T004,Boráros tér H,0,
100970,100533,1233,Szentendre,1,
100971,100534,C754,Batthyány tér M+H,1,
100972,100535,2273,Békásmegyer H,0,
100973,100535,C721,"Békásmegyer, fordítóvágányok",1,
100974,100536,C723,Batthyány tér M+H,1,
100975,100536,C755,Batthyány tér M+H,0,
100976,100537,S203,"Újpest, Árpád út",0,
100977,100537,T008,Jászai Mari tér (Margit híd),0,
100978,100537,U782,"Újpest, Árpád út",1,
100979,100537,U784,Jászai Mari tér (Margit híd),0,
100980,100538,S201,Egyetemváros - A38,0,
100981,100538,U783,Haller utca,1,
100982,100539,U786,Rómaifürdő,1,
100983,100539,U788,Jászai Mari tér (Margit híd),0,
100984,100540,S141,Jászai Mari tér (Margit híd),0,
100985,100540,U785,Haller utca,1,
100986,100540,U787,Haller utca,0,
100987,100541,S215,Rómaifürdő,0,
100988,100541,U804,Rómaifürdő,1,
100989,100541,U806,Jászai Mari tér (Margit híd),0,
100990,100542,S214,Jászai Mari tér (Margit híd),0,
100991,100542,U803,Haller utca,1,
100992,100542,U805,Haller utca,0,
100993,100542,U809,Haller utca,0,
100994,100543,R557,Liszt Ferenc Airport 2,0,
100995,100543,R880,Liszt Ferenc Airport 2,1,
100996,100544,R881,Dél-pesti autóbuszgarázs,1,
100997,100545,X206,Bécsi út (Vörösvári út),1,
100998,100546,Q745,Bécsi út (Vörösvári út),0,
100999,100546,T894,Közvágóhíd,1,
101000,100547,N563,Örs vezér tere M+H,0,
101001,100547,U971,Örs vezér tere M+H,1,
101002,100548,U972,Kelenföld vasútállomás,1,
101003,100548,U974,Bosnyák tér,0,
101004,100548,U977,Kelenföld vasútállomás,0,
101005,100549,Q828,Gazdagréti tér,0,
101006,100549,Q829,Cinkotai autóbuszgarázs,0,
101007,100549,Q830,Uránia,0,
101008,100549,W300,Cinkotai autóbuszgarázs,1,
101009,100549,W310,Cinkotai autóbuszgarázs,0,
101010,100550,V308,Móricz Zsigmond körtér,1,
101011,100550,V318,Astoria M,0,
101012,100550,V319,Móricz Zsigmond körtér,0,
101013,100551,A155,"Kispest, Kossuth tér",1,
101014,100551,A255,"Kispest, Kossuth tér",0,
101015,100551,A257,Kőbányai garázs,0,
101016,100552,A156,Deák Ferenc tér M,1,
101017,100552,A256,Deák Ferenc tér M,0,
101018,100552,Q741,Orczy tér,0,
101019,100553,U331,Dél-pesti autóbuszgarázs,1,
101020,100553,U336,Határ út M,0,
101021,100554,S126,Újpest-Központ M,0,
101022,100554,U332,"Káposztásmegyer, Mogyoródi-patak",1,
101023,100555,S014,Újpest-Központ M,1,
101024,100556,S015,Határ út M,1,
101025,100556,U337,Határ út M,0,
101026,100557,W271,Széll Kálmán tér M,1,
101027,100558,W272,Uránia,1,
101028,100559,Q719,Közvágóhíd,0,
101029,100559,R463,Puskás Ferenc Stadion M,0,
101030,100559,X217,"Óbuda, Bogdáni út",1,
101031,100559,X219,Óbudai autóbuszgarázs,0,
101032,100559,X221,"Óbuda, Bogdáni út",0,
101033,100560,R464,Kelenföld vasútállomás,0,
101034,100560,T918,Kelenföld vasútállomás,0,
101035,100560,T920,Kelenföld vasútállomás,1,
101036,100561,T811,"Budakeszi, Dózsa György tér",1,
101037,100562,R705,Széll Kálmán tér M,1,
101038,100563,S045,Dél-pesti autóbuszgarázs,1,
101039,100563,S051,Dél-pesti autóbuszgarázs,0,
101040,100563,T584,Rómaifürdő H,0,
101041,100564,S048,Békásmegyer H,1,
101042,100564,S052,"Óbuda, Bogdáni út",0,
101043,100565,C085,"Megyer, Szondi utca",1,
101044,100566,C086,Újpest-Központ M,1,
101045,100567,S018,"Árpádföld, Dezsőfia utca",0,
101046,100567,S020,Örs vezér tere M+H,0,
101047,100567,V051,"Árpádföld, Dezsőfia utca",1,
101048,100567,V053,Nyugati pályaudvar M,0,
101049,100568,V052,Verecke lépcső,1,
101050,100568,V321,Astoria M,0,
101051,100569,T571,Békásmegyer H,1,
101052,100570,T572,Nyugati pályaudvar M,1,
101053,100571,C123,Máramaros út,1,
101054,100571,C124,Bécsi út (Vörösvári út),0,
101055,100571,X209,Bécsi út (Vörösvári út),0,
101056,100572,Q449,"Lakihegy, Cseresznyés utca",1,
101057,100573,Q450,"Csepel, Szent Imre tér",1,
101058,100574,Q592,Budaörsi lakótelep,1,
101059,100575,Q594,Móricz Zsigmond körtér,1,
101060,100576,J092,Budatétény vasútállomás (Campona),1,
101061,100577,D934,Móricz Zsigmond körtér,1,
101062,100578,Q806,Szentendre H,1,
101063,100578,Q823,Szentendre H,0,
101064,100579,C224,Békásmegyer H,1,
101065,100580,H583,"Csepel, Hollandi út",0,
101066,100580,H588,"Csepel, Hollandi út",1,
101067,100580,H590,"Csepel, Szent Imre tér",0,
101068,100581,H584,"Csepel, Szent Imre tér",0,
101069,100581,H589,Dél-pesti autóbuszgarázs,1,
101070,100582,M882,Pestszentimre vasútállomás,0,
101071,100582,Q888,"Rákospalota, Kossuth utca",0,
101072,100582,S026,Pestszentimre vasútállomás,0,
101073,100582,X197,Pestszentimre vasútállomás,1,
101074,100582,X198,Határ út M,0,
101075,100582,X199,"Pestszentlőrinc, Béke tér",0,
101076,100582,X200,Pestszentimre vasútállomás,0,
101077,100583,C139,Határ út M,0,
101078,100583,H075,Határ út M,1,
101079,100583,S022,"Rákospalota, Székely Elek út",0,
101080,100583,U339,Újpest-Központ M,0,
101081,100583,U340,"Rákospalota, Székely Elek út",0,
101082,100584,S028,"Rákospalota, Kossuth utca",1,
101083,100584,U341,"Rákospalota, Kossuth utca",0,
101084,100585,A240,Széll Kálmán tér M,0,
101085,100585,C159,Keleti pályaudvar M,0,
101086,100585,M104,"Rákoskeresztúr, vkp. (városhatár felé)",0,
101087,100585,P547,"Pécel, Kun József utca",1,
101088,100585,P548,"Pécel, Kun József utca",0,
101089,100586,A243,Hűvösvölgy,0,
101090,100586,M101,Hűvösvölgy,1,
101091,100586,M103,Hűvösvölgy,0,
101092,100586,M105,"Rákoskeresztúr, vkp. (metró felé)",0,
101093,100586,Q755,Hűvösvölgy,0,
101094,100586,Q756,Hűvösvölgy,0,
101095,100586,Q757,Széll Kálmán tér M,0,
101096,100587,Q596,"Békásmegyer, Újmegyeri tér",1,
101097,100587,R939,"Békásmegyer, Újmegyeri tér",0,
101098,100587,R940,Óbudai autóbuszgarázs,0,
101099,100587,R941,Óbudai autóbuszgarázs,0,
101100,100588,R938,Széll Kálmán tér M,0,
101101,100588,R942,Móricz Zsigmond körtér,0,
101102,100588,R943,Széll Kálmán tér M,0,
101103,100588,V459,Móricz Zsigmond körtér,1,
101104,100589,Q691,"Nagykovácsi, Tisza István tér",1,
101105,100590,Q690,Hűvösvölgy,1,
101106,100591,R409,"Solymár, PEMÜ",1,
101107,100592,R408,Hűvösvölgy,1,
101108,100593,Q599,"Soroksár, Millenniumtelep",1,
101109,100594,Q600,Határ út M,1,
101110,100595,Q597,Cinkotai autóbuszgarázs,1,
101111,100596,Q598,"Kispest, Kossuth tér",1,
101112,100596,Q768,Cinkotai autóbuszgarázs,0,
101113,100597,Q601,"Törökbálint, Munkácsy Mihály utca",1,
101114,100598,Q602,Móricz Zsigmond körtér,1,
101115,100599,V004,"Nagytétény, ipartelep",1,
101116,100599,V023,Móricz Zsigmond körtér,0,
101117,100599,V024,"Nagytétény, ipartelep",0,
101118,100600,V027,"Újpalota, Szentmihályi út",0,
101119,100600,W308,"Újpalota, Szentmihályi út",1,
101120,100600,W309,Keleti pályaudvar M,0,
101121,100601,V029,"Csepel, Csillagtelep",1,
101122,100601,V031,"Csepel, Szent Imre tér",0,
101123,100602,V030,"Újpalota, Nyírpalota út",1,
101124,100602,V032,"Újpalota, Nyírpalota út",0,
101125,100603,T317,"Csepel, Csillagtelep",1,
101126,100603,V034,"Csepel, Szent Imre tér",0,
101127,100604,V033,Deák Ferenc tér M,1,
101128,100605,R882,"Rákoskeresztúr, városközpont",1,
101129,100606,R883,Dél-pesti autóbuszgarázs,1,
101130,100607,P549,"Rákoskeresztúr, vkp. (metró felé)",1,
101131,100607,P550,"Rákoskeresztúr, vkp. (metró felé)",0,
101132,100607,P551,"Rákoskeresztúr, vkp. (metró felé)",0,
101133,100607,P780,"Rákoskeresztúr, vkp. (városhatár felé)",0,
101134,100607,P781,Örs vezér tere M+H,0,
101135,100608,M108,Normafa,1,
101136,100609,V839,Gödöllő H,1,
101137,100610,V840,Cinkotai autóbuszgarázs,1,
101138,100611,A178,"Gyál, Vecsési út",1,
101139,100611,A180,"Gyál, Vecsési út",0,
101140,100612,A179,Dél-pesti autóbuszgarázs,1,
101141,100613,C583,Cinkotai autóbuszgarázs,1,
101142,100614,C106,Újpest-Központ M,1,
101143,100615,C584,Cinkotai autóbuszgarázs,1,
101144,100616,C182,Újpest-Központ M,1,
101145,100617,M115,Cinkotai autóbuszgarázs,0,
101146,100617,M116,"Rákoskeresztúr, városközpont",1,
101147,100618,M117,"Rákoskeresztúr, városközpont",0,
101148,100618,M118,Cinkotai autóbuszgarázs,1,
101149,100619,Q605,Dél-pesti autóbuszgarázs,1,
101150,100620,Q606,Határ út M,1,
101151,100426,E010,Közvágóhíd H,0,
101152,100475,R263,Budagyöngye,0,
101153,100476,R264,Móricz Zsigmond körtér,0,
101154,100621,H963,Centenáriumi ltp.(Margit utca),0,
101155,100621,X133,Budapesti út,1,
101156,100622,D366,Budapesti út,0,
101157,100622,O804,Sasvár utca,0,
101158,100622,X132,Örs vezér tere M+H,1,
101159,100623,T097,Budafoki temető,1,
101160,100624,T098,Savoya Park,1,
101161,100625,M762,BILK bekötőút,1,
101162,100625,P927,"Soroksár, BILK",0,
101163,100626,R828,"Solymár, PEMÜ",1,
101164,100627,X352,Örs vezér tere M+H,1,
101165,100628,X351,Déli pályaudvar M,1,
101166,100629,1230,Közvágóhíd,1,
101167,100629,L655,Közvágóhíd,0,
101168,100629,L656,Közvágóhíd,0,
101169,100629,L657,Közvágóhíd,0,
101170,100629,L658,Közvágóhíd,0,
101171,100629,L659,Közvágóhíd,0,
101172,100629,L668,Dunaharaszti külső,0,
101173,100629,L669,Dunaharaszti külső,0,
101174,100630,2268,Közvágóhíd,1,
101175,100630,L672,Közvágóhíd,0,
101176,100630,L673,Közvágóhíd,0,
101177,100630,L675,Dunaharaszti külső,0,
101178,100014,X648,Hűvösvölgy,0,
101179,100015,X647,Széll Kálmán tér M,0,
101180,100017,U496,"Erzsébet királyné útja, aluljáró",0,
101181,100017,V375,Széll Kálmán tér M,0,
101182,100017,V376,Pasaréti tér,0,
101183,100116,S960,"Akadémiaújtelep, 525. tér",0,
101184,100117,S961,"Kispest, Vas Gereben utca",0,
101185,100147,T116,Felsőcsatári köz,0,
101186,100148,T117,Puskás Ferenc Stadion M,0,
101187,100363,T101,"Budakeszi, Honfoglalás sétány",0,
101188,100449,N874,Baross kocsiszín,0,
101189,100452,P912,Száva kocsiszín,0,
101190,100631,N319,Ráckeve H,1,
101191,100632,N323,Tököl H,1,
101192,100633,K795,Ráckeve H,1,
101193,100634,K796,Tököl H,1,
101194,100635,T102,"Megyer, Szondi utca",1,
101195,100636,I372,Újpest-Központ M,1,
101196,100637,T110,Jahn Ferenc Kórház,1,
101197,100638,T111,Gubacsi út,1,
101198,100639,T099,Hárosi iskola,1,
101199,100640,T100,"Csepel, Szent Imre tér",1,
101200,100641,H963,Centenáriumi ltp.(Margit utca),0,
101201,100641,X133,Budapesti út,0,
101202,100641,G140,Budapesti út,1,
101203,100642,M763,Határ út M,1,
101204,100642,P923,"Soroksár, központi raktárak",0,
101205,100643,T112,Új köztemető,1,
101206,100644,X097,Határ út M,1,
101207,100645,S136,Vend utca,0,
101208,100645,X571,Nyugati pályaudvar M,1,
101209,100646,X573,Széll Kálmán tér M,1,
101210,100647,0154,"Kistarcsa, kórház H",1,
101211,100647,0285,Bökényföldi út,0,
101212,100647,O287,Auchan Liget,0,
101213,100648,0155,Rákosszentmihály vasútállomás,1,
101214,100648,6832,Rákosszentmihály vasútállomás,0,
101215,100648,J798,Rákosszentmihály vasútállomás,0,
101216,100649,W967,"Káposztásmegyer, Mogyoródi-patak",1,
101217,100650,W965,Újpest-Városkapu M,1,
101218,100651,X534,Bölöni György utca / Széher út,1,
101219,100651,X538,Bölöni György utca / Széher út,0,
101220,100652,X535,Széll Kálmán tér M,1,
101221,100653,R829,Hűvösvölgy,1,
101222,100654,X053,Óbudai autóbuszgarázs,1,
101223,100655,X054,Szentlélek tér H,1,
101224,100656,X574,"Zugliget, Libegő",1,
101225,100657,S534,Budagyöngye,0,
101226,100657,X575,Nyugati pályaudvar M,1,
101227,100658,E516,Új köztemető (Kozma utca),1,
101228,100658,K646,Száva kocsiszín,0,
101229,100659,E517,Keleti pályaudvar M,1,
101230,100660,1229,Ráckeve 2. vágány,1,
101231,100660,L650,Ráckeve 2. vágány,0,
101232,100660,L651,Ráckeve 2. vágány,0,
101233,100660,L652,Ráckeve 2. vágány,0,
101234,100660,L653,Ráckeve 2. vágány,0,
101235,100660,L654,Ráckeve 2. vágány,0,
101236,100660,L661,Ráckeve 2. vágány,0,
101237,100660,N941,Ráckeve 2. vágány,0,
101238,100661,2267,Tököl,0,
101239,100661,L635,Tököl,0,
101240,100661,L670,Tököl,1,
101241,100661,L671,Tököl,0,
101242,100661,L674,Tököl,0,
101243,100662,R859,"Újpest, Árpád út",1,
101244,100662,R861,Jászai Mari tér (Margit híd),0,
101245,100662,T008,Jászai Mari tér (Margit híd),0,
101246,100662,T686,"Újpest, Árpád út",0,
101247,100663,R858,Haller utca,1,
101248,100663,R860,Haller utca,0,
101249,100664,X132,Örs vezér tere M+H,0,
101250,100664,D366,Budapesti út,0,
101251,100664,G139,Örs vezér tere M+H,1,
101252,100664,O804,Sasvár utca,0,
101253,100665,M760,"Soroksár, BILK",1,
101254,100665,M762,BILK bekötőút,0,
101255,100665,P927,"Soroksár, BILK",0,
101256,100666,R706,Nyugati pályaudvar M,1,
101257,100666,S136,Vend utca,0,
101258,100667,R707,Széll Kálmán tér M,1,
101259,100668,0285,Bökényföldi út,0,
101260,100668,O287,Auchan Liget,1,
101261,100668,0154,"Kistarcsa, kórház H",0,
101262,100669,6832,Rákosszentmihály vasútállomás,1,
101263,100669,J798,Rákosszentmihály vasútállomás,0,
101264,100669,0155,Rákosszentmihály vasútállomás,0,
101265,100670,S089,"Káposztásmegyer, Mogyoródi-patak",1,
101266,100671,S091,Újpest-Városkapu M,1,
101267,100672,K028,Széher út,1,
101268,100672,K108,Széher út,0,
101269,100673,K029,Széll Kálmán tér M,1,
101270,100674,R828,"Solymár, PEMÜ",0,
101271,100674,R842,Templom tér,1,
101272,100674,R844,"Solymár, PEMÜ",0,
101273,100675,V047,"Zugliget, Libegő",1,
101274,100676,S534,Budagyöngye,0,
101275,100676,V048,Nyugati pályaudvar M,1,
101276,100677,L667,Dunaharaszti külső,0,
101277,100677,L678,Közvágóhíd,0,
101278,100677,L679,Közvágóhíd,0,
101279,100677,1230,Közvágóhíd,0,
101280,100677,L655,Közvágóhíd,0,
101281,100677,L656,Közvágóhíd,0,
101282,100677,L657,Közvágóhíd,1,
101283,100677,L658,Közvágóhíd,0,
101284,100677,L659,Közvágóhíd,0,
101285,100677,L668,Dunaharaszti külső,0,
101286,100677,L669,Dunaharaszti külső,0,
101287,100678,L681,Közvágóhíd,0,
101288,100678,2268,Közvágóhíd,0,
101289,100678,L637,Dunaharaszti külső,0,
101290,100678,L672,Közvágóhíd,1,
101291,100678,L675,Dunaharaszti külső,0,
101292,100679,S203,"Újpest, Árpád út",0,
101293,100679,T008,Jászai Mari tér (Margit híd),0,
101294,100679,U782,"Újpest, Árpád út",1,
101295,100679,U784,Jászai Mari tér (Margit híd),0,
101296,100680,S201,Egyetemváros - A38,0,
101297,100680,U783,Haller utca,1,
101298,100681,X133,Budapesti út,0,
101299,100681,G140,Budapesti út,1,
101300,100681,H963,Centenáriumi ltp.(Margit utca),0,
101301,100682,M761,Határ út M,0,
101302,100682,M763,Határ út M,1,
101303,100682,P923,"Soroksár, központi raktárak",0,
101304,100683,R829,Hűvösvölgy,1,
101305,100683,R843,Hűvösvölgy,0,
101306,100683,R845,"Solymár, Templom tér",0,
101307,100684,L676,Ráckeve 2. vágány,0,
101308,100684,L677,Ráckeve 2. vágány,0,
101309,100684,1229,Ráckeve 2. vágány,1,
101310,100684,L650,Ráckeve 2. vágány,0,
101311,100684,L651,Ráckeve 2. vágány,0,
101312,100684,L652,Ráckeve 2. vágány,0,
101313,100684,L653,Ráckeve 2. vágány,0,
101314,100684,L654,Ráckeve 2. vágány,0,
101315,100684,L661,Ráckeve 2. vágány,0,
101316,100685,L680,Tököl,0,
101317,100685,2267,Tököl,0,
101318,100685,L635,Tököl,0,
101319,100685,L670,Tököl,1,
101320,100685,L671,Tököl,0,
101321,100685,L674,Tököl,0,
101322,100686,H963,Centenáriumi ltp.(Margit utca),0,
101323,100686,X133,Budapesti út,1,
101324,100687,D366,Budapesti út,0,
101325,100687,O804,Sasvár utca,0,
101326,100687,X132,Örs vezér tere M+H,1,
101327,100688,M762,BILK bekötőút,1,
101328,100688,P927,"Soroksár, BILK",0,
101329,100689,R828,"Solymár, PEMÜ",1,
101330,100690,1230,Közvágóhíd,1,
101331,100690,L655,Közvágóhíd,0,
101332,100690,L656,Közvágóhíd,0,
101333,100690,L657,Közvágóhíd,0,
101334,100690,L658,Közvágóhíd,0,
101335,100690,L659,Közvágóhíd,0,
101336,100690,L668,Dunaharaszti külső,0,
101337,100690,L669,Dunaharaszti külső,0,
101338,100691,2268,Közvágóhíd,1,
101339,100691,L672,Közvágóhíd,0,
101340,100691,L673,Közvágóhíd,0,
101341,100691,L675,Dunaharaszti külső,0,
101342,100692,H963,Centenáriumi ltp.(Margit utca),0,
101343,100692,X133,Budapesti út,0,
101344,100692,G140,Budapesti út,1,
101345,100693,M763,Határ út M,1,
101346,100693,P923,"Soroksár, központi raktárak",0,
101347,100694,S136,Vend utca,0,
101348,100694,X571,Nyugati pályaudvar M,1,
101349,100695,X573,Széll Kálmán tér M,1,
101350,100696,0154,"Kistarcsa, kórház H",1,
101351,100696,0285,Bökényföldi út,0,
101352,100696,O287,Auchan Liget,0,
101353,100697,0155,Rákosszentmihály vasútállomás,1,
101354,100697,6832,Rákosszentmihály vasútállomás,0,
101355,100697,J798,Rákosszentmihály vasútállomás,0,
101356,100698,W967,"Káposztásmegyer, Mogyoródi-patak",1,
101357,100699,W965,Újpest-Városkapu M,1,
101358,100700,X534,Bölöni György utca / Széher út,1,
101359,100700,X538,Bölöni György utca / Széher út,0,
101360,100701,X535,Széll Kálmán tér M,1,
101361,100702,R829,Hűvösvölgy,1,
101362,100703,X574,"Zugliget, Libegő",1,
101363,100704,S534,Budagyöngye,0,
101364,100704,X575,Nyugati pályaudvar M,1,
101365,100705,1229,Ráckeve 2. vágány,1,
101366,100705,L650,Ráckeve 2. vágány,0,
101367,100705,L651,Ráckeve 2. vágány,0,
101368,100705,L652,Ráckeve 2. vágány,0,
101369,100705,L653,Ráckeve 2. vágány,0,
101370,100705,L654,Ráckeve 2. vágány,0,
101371,100705,L661,Ráckeve 2. vágány,0,
101372,100705,N941,Ráckeve 2. vágány,0,
101373,100706,2267,Tököl,0,
101374,100706,L635,Tököl,0,
101375,100706,L670,Tököl,1,
101376,100706,L671,Tököl,0,
101377,100706,L674,Tököl,0,
101378,100707,R859,"Újpest, Árpád út",1,
101379,100707,R861,Jászai Mari tér (Margit híd),0,
101380,100707,T008,Jászai Mari tér (Margit híd),0,
101381,100707,T686,"Újpest, Árpád út",0,
101382,100708,R858,Haller utca,1,
101383,100708,R860,Haller utca,0,
101384,100709,X132,Örs vezér tere M+H,0,
101385,100709,D366,Budapesti út,0,
101386,100709,G139,Örs vezér tere M+H,1,
101387,100709,O804,Sasvár utca,0,
101388,100710,M760,"Soroksár, BILK",1,
101389,100710,M762,BILK bekötőút,0,
101390,100710,P927,"Soroksár, BILK",0,
101391,100711,R706,Nyugati pályaudvar M,1,
101392,100711,S136,Vend utca,0,
101393,100712,R707,Széll Kálmán tér M,1,
101394,100713,0285,Bökényföldi út,0,
101395,100713,O287,Auchan Liget,1,
101396,100713,0154,"Kistarcsa, kórház H",0,
101397,100714,6832,Rákosszentmihály vasútállomás,1,
101398,100714,J798,Rákosszentmihály vasútállomás,0,
101399,100714,0155,Rákosszentmihály vasútállomás,0,
101400,100715,S089,"Káposztásmegyer, Mogyoródi-patak",1,
101401,100716,S091,Újpest-Városkapu M,1,
101402,100717,K028,Széher út,1,
101403,100717,K108,Széher út,0,
101404,100718,K029,Széll Kálmán tér M,1,
101405,100719,R828,"Solymár, PEMÜ",0,
101406,100719,R842,Templom tér,1,
101407,100719,R844,"Solymár, PEMÜ",0,
101408,100720,V047,"Zugliget, Libegő",1,
101409,100721,S534,Budagyöngye,0,
101410,100721,V048,Nyugati pályaudvar M,1,
101411,100722,L667,Dunaharaszti külső,0,
101412,100722,L678,Közvágóhíd,0,
101413,100722,L679,Közvágóhíd,0,
101414,100722,1230,Közvágóhíd,0,
101415,100722,L655,Közvágóhíd,0,
101416,100722,L656,Közvágóhíd,0,
101417,100722,L657,Közvágóhíd,1,
101418,100722,L658,Közvágóhíd,0,
101419,100722,L659,Közvágóhíd,0,
101420,100722,L668,Dunaharaszti külső,0,
101421,100722,L669,Dunaharaszti külső,0,
101422,100723,L681,Közvágóhíd,0,
101423,100723,2268,Közvágóhíd,0,
101424,100723,L637,Dunaharaszti külső,0,
101425,100723,L672,Közvágóhíd,1,
101426,100723,L675,Dunaharaszti külső,0,
101427,100724,S203,"Újpest, Árpád út",0,
101428,100724,T008,Jászai Mari tér (Margit híd),0,
101429,100724,U782,"Újpest, Árpád út",1,
101430,100724,U784,Jászai Mari tér (Margit híd),0,
101431,100725,S201,Egyetemváros - A38,0,
101432,100725,U783,Haller utca,1,
101433,100726,H963,Centenáriumi ltp.(Margit utca),0,
101434,100726,X133,Budapesti út,1,
101435,100727,D366,Budapesti út,0,
101436,100727,O804,Sasvár utca,0,
101437,100727,X132,Örs vezér tere M+H,1,
101438,100728,M762,BILK bekötőút,1,
101439,100728,P927,"Soroksár, BILK",0,
101440,100729,M763,Határ út M,1,
101441,100729,P923,"Soroksár, központi raktárak",0,
101442,100730,R828,"Solymár, PEMÜ",1,
101443,100731,R829,Hűvösvölgy,1,
101444,100732,1229,Ráckeve 2. vágány,1,
101445,100732,L650,Ráckeve 2. vágány,0,
101446,100732,L651,Ráckeve 2. vágány,0,
101447,100732,L652,Ráckeve 2. vágány,0,
101448,100732,L653,Ráckeve 2. vágány,0,
101449,100732,L654,Ráckeve 2. vágány,0,
101450,100732,L661,Ráckeve 2. vágány,0,
101451,100732,N941,Ráckeve 2. vágány,0,
101452,100733,1230,Közvágóhíd,1,
101453,100733,L655,Közvágóhíd,0,
101454,100733,L656,Közvágóhíd,0,
101455,100733,L657,Közvágóhíd,0,
101456,100733,L658,Közvágóhíd,0,
101457,100733,L659,Közvágóhíd,0,
101458,100733,L668,Dunaharaszti külső,0,
101459,100733,L669,Dunaharaszti külső,0,
101460,100734,2267,Tököl,0,
101461,100734,L635,Tököl,0,
101462,100734,L670,Tököl,1,
101463,100734,L671,Tököl,0,
101464,100734,L674,Tököl,0,
101465,100735,2268,Közvágóhíd,1,
101466,100735,L672,Közvágóhíd,0,
101467,100735,L673,Közvágóhíd,0,
101468,100735,L675,Dunaharaszti külső,0,
101469,100736,H963,Centenáriumi ltp.(Margit utca),0,
101470,100736,X133,Budapesti út,0,
101471,100736,G140,Budapesti út,1,
101472,100737,S136,Vend utca,0,
101473,100737,X571,Nyugati pályaudvar M,1,
101474,100738,X573,Széll Kálmán tér M,1,
101475,100739,0154,"Kistarcsa, kórház H",1,
101476,100739,0285,Bökényföldi út,0,
101477,100739,O287,Auchan Liget,0,
101478,100740,0155,Rákosszentmihály vasútállomás,1,
101479,100740,6832,Rákosszentmihály vasútállomás,0,
101480,100740,J798,Rákosszentmihály vasútállomás,0,
101481,100741,W967,"Káposztásmegyer, Mogyoródi-patak",1,
101482,100742,W965,Újpest-Városkapu M,1,
101483,100743,X534,Bölöni György utca / Széher út,1,
101484,100743,X538,Bölöni György utca / Széher út,0,
101485,100744,X535,Széll Kálmán tér M,1,
101486,100745,X574,"Zugliget, Libegő",1,
101487,100746,S534,Budagyöngye,0,
101488,100746,X575,Nyugati pályaudvar M,1,
101489,100747,R859,"Újpest, Árpád út",1,
101490,100747,R861,Jászai Mari tér (Margit híd),0,
101491,100747,T008,Jászai Mari tér (Margit híd),0,
101492,100747,T686,"Újpest, Árpád út",0,
101493,100748,R858,Haller utca,1,
101494,100748,R860,Haller utca,0,
101495,100749,X132,Örs vezér tere M+H,0,
101496,100749,D366,Budapesti út,0,
101497,100749,G139,Örs vezér tere M+H,1,
101498,100749,O804,Sasvár utca,0,
101499,100750,M760,"Soroksár, BILK",1,
101500,100750,M762,BILK bekötőút,0,
101501,100750,P927,"Soroksár, BILK",0,
101502,100751,R706,Nyugati pályaudvar M,1,
101503,100751,S136,Vend utca,0,
101504,100752,R707,Széll Kálmán tér M,1,
101505,100753,0285,Bökényföldi út,0,
101506,100753,O287,Auchan Liget,1,
101507,100753,0154,"Kistarcsa, kórház H",0,
101508,100754,6832,Rákosszentmihály vasútállomás,1,
101509,100754,J798,Rákosszentmihály vasútállomás,0,
101510,100754,0155,Rákosszentmihály vasútállomás,0,
101511,100755,S089,"Káposztásmegyer, Mogyoródi-patak",1,
101512,100756,S091,Újpest-Városkapu M,1,
101513,100757,K028,Széher út,1,
101514,100757,K108,Széher út,0,
101515,100758,K029,Széll Kálmán tér M,1,
101516,100759,R828,"Solymár, PEMÜ",0,
101517,100759,R842,Templom tér,1,
101518,100759,R844,"Solymár, PEMÜ",0,
101519,100760,V047,"Zugliget, Libegő",1,
101520,100761,S534,Budagyöngye,0,
101521,100761,V048,Nyugati pályaudvar M,1,
101522,100762,L667,Dunaharaszti külső,0,
101523,100762,L678,Közvágóhíd,0,
101524,100762,L679,Közvágóhíd,0,
101525,100762,1230,Közvágóhíd,0,
101526,100762,L655,Közvágóhíd,0,
101527,100762,L656,Közvágóhíd,0,
101528,100762,L657,Közvágóhíd,1,
101529,100762,L658,Közvágóhíd,0,
101530,100762,L659,Közvágóhíd,0,
101531,100762,L668,Dunaharaszti külső,0,
101532,100762,L669,Dunaharaszti külső,0,
101533,100763,L681,Közvágóhíd,0,
101534,100763,2268,Közvágóhíd,0,
101535,100763,L637,Dunaharaszti külső,0,
101536,100763,L672,Közvágóhíd,1,
101537,100763,L675,Dunaharaszti külső,0,
101538,100764,S203,"Újpest, Árpád út",0,
101539,100764,T008,Jászai Mari tér (Margit híd),0,
101540,100764,U782,"Újpest, Árpád út",1,
101541,100764,U784,Jászai Mari tér (Margit híd),0,
101542,100765,S201,Egyetemváros - A38,0,
101543,100765,U783,Haller utca,1,
101544,100766,H963,Centenáriumi ltp.(Margit utca),0,
101545,100766,X133,Budapesti út,1,
101546,100767,D366,Budapesti út,0,
101547,100767,O804,Sasvár utca,0,
101548,100767,X132,Örs vezér tere M+H,1,
101549,100768,M762,BILK bekötőút,1,
101550,100768,P927,"Soroksár, BILK",0,
101551,100769,M763,Határ út M,1,
101552,100769,P923,"Soroksár, központi raktárak",0,
101553,100770,R828,"Solymár, PEMÜ",1,
101554,100771,R829,Hűvösvölgy,1,
101555,100772,1229,Ráckeve 2. vágány,1,
101556,100772,L650,Ráckeve 2. vágány,0,
101557,100772,L651,Ráckeve 2. vágány,0,
101558,100772,L652,Ráckeve 2. vágány,0,
101559,100772,L653,Ráckeve 2. vágány,0,
101560,100772,L654,Ráckeve 2. vágány,0,
101561,100772,L661,Ráckeve 2. vágány,0,
101562,100772,N941,Ráckeve 2. vágány,0,
101563,100773,1230,Közvágóhíd,1,
101564,100773,L655,Közvágóhíd,0,
101565,100773,L656,Közvágóhíd,0,
101566,100773,L657,Közvágóhíd,0,
101567,100773,L658,Közvágóhíd,0,
101568,100773,L659,Közvágóhíd,0,
101569,100773,L668,Dunaharaszti külső,0,
101570,100773,L669,Dunaharaszti külső,0,
101571,100774,2267,Tököl,0,
101572,100774,L635,Tököl,0,
101573,100774,L670,Tököl,1,
101574,100774,L671,Tököl,0,
101575,100774,L674,Tököl,0,
101576,100775,2268,Közvágóhíd,1,
101577,100775,L672,Közvágóhíd,0,
101578,100775,L673,Közvágóhíd,0,
101579,100775,L675,Dunaharaszti külső,0,
101580,100776,H963,Centenáriumi ltp.(Margit utca),0,
101581,100776,X133,Budapesti út,0,
101582,100776,G140,Budapesti út,1,
101583,100777,S136,Vend utca,0,
101584,100777,X571,Nyugati pályaudvar M,1,
101585,100778,X573,Széll Kálmán tér M,1,
101586,100779,0154,"Kistarcsa, kórház H",1,
101587,100779,0285,Bökényföldi út,0,
101588,100779,O287,Auchan Liget,0,
101589,100780,0155,Rákosszentmihály vasútállomás,1,
101590,100780,6832,Rákosszentmihály vasútállomás,0,
101591,100780,J798,Rákosszentmihály vasútállomás,0,
101592,100781,W967,"Káposztásmegyer, Mogyoródi-patak",1,
101593,100782,W965,Újpest-Városkapu M,1,
101594,100783,X534,Bölöni György utca / Széher út,1,
101595,100783,X538,Bölöni György utca / Széher út,0,
101596,100784,X535,Széll Kálmán tér M,1,
101597,100785,X574,"Zugliget, Libegő",1,
101598,100786,S534,Budagyöngye,0,
101599,100786,X575,Nyugati pályaudvar M,1,
101600,100787,R859,"Újpest, Árpád út",1,
101601,100787,R861,Jászai Mari tér (Margit híd),0,
101602,100787,T008,Jászai Mari tér (Margit híd),0,
101603,100787,T686,"Újpest, Árpád út",0,
101604,100788,R858,Haller utca,1,
101605,100788,R860,Haller utca,0,
101606,100789,X132,Örs vezér tere M+H,0,
101607,100789,D366,Budapesti út,0,
101608,100789,G139,Örs vezér tere M+H,1,
101609,100789,O804,Sasvár utca,0,
101610,100790,M760,"Soroksár, BILK",1,
101611,100790,M762,BILK bekötőút,0,
101612,100790,P927,"Soroksár, BILK",0,
101613,100791,R706,Nyugati pályaudvar M,1,
101614,100791,S136,Vend utca,0,
101615,100792,R707,Széll Kálmán tér M,1,
101616,100793,0285,Bökényföldi út,0,
101617,100793,O287,Auchan Liget,1,
101618,100793,0154,"Kistarcsa, kórház H",0,
101619,100794,6832,Rákosszentmihály vasútállomás,1,
101620,100794,J798,Rákosszentmihály vasútállomás,0,
101621,100794,0155,Rákosszentmihály vasútállomás,0,
101622,100795,S089,"Káposztásmegyer, Mogyoródi-patak",1,
101623,100796,S091,Újpest-Városkapu M,1,
101624,100797,K028,Széher út,1,
101625,100797,K108,Széher út,0,
101626,100798,K029,Széll Kálmán tér M,1,
101627,100799,R828,"Solymár, PEMÜ",0,
101628,100799,R842,Templom tér,1,
101629,100799,R844,"Solymár, PEMÜ",0,
101630,100800,V047,"Zugliget, Libegő",1,
101631,100801,S534,Budagyöngye,0,
101632,100801,V048,Nyugati pályaudvar M,1,
101633,100802,L667,Dunaharaszti külső,0,
101634,100802,L678,Közvágóhíd,0,
101635,100802,L679,Közvágóhíd,0,
101636,100802,1230,Közvágóhíd,0,
101637,100802,L655,Közvágóhíd,0,
101638,100802,L656,Közvágóhíd,0,
101639,100802,L657,Közvágóhíd,1,
101640,100802,L658,Közvágóhíd,0,
101641,100802,L659,Közvágóhíd,0,
101642,100802,L668,Dunaharaszti külső,0,
101643,100802,L669,Dunaharaszti külső,0,
101644,100803,L681,Közvágóhíd,0,
101645,100803,2268,Közvágóhíd,0,
101646,100803,L637,Dunaharaszti külső,0,
101647,100803,L672,Közvágóhíd,1,
101648,100803,L675,Dunaharaszti külső,0,
101649,100804,S203,"Újpest, Árpád út",0,
101650,100804,T008,Jászai Mari tér (Margit híd),0,
101651,100804,U782,"Újpest, Árpád út",1,
101652,100804,U784,Jászai Mari tér (Margit híd),0,
101653,100805,S201,Egyetemváros - A38,0,
101654,100805,U783,Haller utca,1,
101655,100806,H963,Centenáriumi ltp.(Margit utca),0,
101656,100806,X133,Budapesti út,1,
101657,100807,D366,Budapesti út,0,
101658,100807,O804,Sasvár utca,0,
101659,100807,X132,Örs vezér tere M+H,1,
101660,100808,M762,BILK bekötőút,1,
101661,100808,P927,"Soroksár, BILK",0,
101662,100809,M763,Határ út M,1,
101663,100809,P923,"Soroksár, központi raktárak",0,
101664,100810,R828,"Solymár, PEMÜ",1,
101665,100811,R829,Hűvösvölgy,1,
101666,100812,1229,Ráckeve 2. vágány,1,
101667,100812,L650,Ráckeve 2. vágány,0,
101668,100812,L651,Ráckeve 2. vágány,0,
101669,100812,L652,Ráckeve 2. vágány,0,
101670,100812,L653,Ráckeve 2. vágány,0,
101671,100812,L654,Ráckeve 2. vágány,0,
101672,100812,L661,Ráckeve 2. vágány,0,
101673,100812,N941,Ráckeve 2. vágány,0,
101674,100813,1230,Közvágóhíd,1,
101675,100813,L655,Közvágóhíd,0,
101676,100813,L656,Közvágóhíd,0,
101677,100813,L657,Közvágóhíd,0,
101678,100813,L658,Közvágóhíd,0,
101679,100813,L659,Közvágóhíd,0,
101680,100813,L668,Dunaharaszti külső,0,
101681,100813,L669,Dunaharaszti külső,0,
101682,100814,2267,Tököl,0,
101683,100814,L635,Tököl,0,
101684,100814,L670,Tököl,1,
101685,100814,L671,Tököl,0,
101686,100814,L674,Tököl,0,
101687,100815,2268,Közvágóhíd,1,
101688,100815,L672,Közvágóhíd,0,
101689,100815,L673,Közvágóhíd,0,
101690,100815,L675,Dunaharaszti külső,0,
101691,100816,H963,Centenáriumi ltp.(Margit utca),0,
101692,100816,X133,Budapesti út,0,
101693,100816,G140,Budapesti út,1,
101694,100817,S136,Vend utca,0,
101695,100817,X571,Nyugati pályaudvar M,1,
101696,100818,X573,Széll Kálmán tér M,1,
101697,100819,0154,"Kistarcsa, kórház H",1,
101698,100819,0285,Bökényföldi út,0,
101699,100819,O287,Auchan Liget,0,
101700,100820,0155,Rákosszentmihály vasútállomás,1,
101701,100820,6832,Rákosszentmihály vasútállomás,0,
101702,100820,J798,Rákosszentmihály vasútállomás,0,
101703,100821,W967,"Káposztásmegyer, Mogyoródi-patak",1,
101704,100822,W965,Újpest-Városkapu M,1,
101705,100823,X534,Bölöni György utca / Széher út,1,
101706,100823,X538,Bölöni György utca / Széher út,0,
101707,100824,X535,Széll Kálmán tér M,1,
101708,100825,X574,"Zugliget, Libegő",1,
101709,100826,S534,Budagyöngye,0,
101710,100826,X575,Nyugati pályaudvar M,1,
101711,100827,R859,"Újpest, Árpád út",1,
101712,100827,R861,Jászai Mari tér (Margit híd),0,
101713,100827,T008,Jászai Mari tér (Margit híd),0,
101714,100827,T686,"Újpest, Árpád út",0,
101715,100828,R858,Haller utca,1,
101716,100828,R860,Haller utca,0,
101717,100829,X132,Örs vezér tere M+H,0,
101718,100829,D366,Budapesti út,0,
101719,100829,G139,Örs vezér tere M+H,1,
101720,100829,O804,Sasvár utca,0,
101721,100830,M760,"Soroksár, BILK",1,
101722,100830,M762,BILK bekötőút,0,
101723,100830,P927,"Soroksár, BILK",0,
101724,100831,R706,Nyugati pályaudvar M,1,
101725,100831,S136,Vend utca,0,
101726,100832,R707,Széll Kálmán tér M,1,
101727,100833,0285,Bökényföldi út,0,
101728,100833,O287,Auchan Liget,1,
101729,100833,0154,"Kistarcsa, kórház H",0,
101730,100834,6832,Rákosszentmihály vasútállomás,1,
101731,100834,J798,Rákosszentmihály vasútállomás,0,
101732,100834,0155,Rákosszentmihály vasútállomás,0,
101733,100835,S089,"Káposztásmegyer, Mogyoródi-patak",1,
101734,100836,S091,Újpest-Városkapu M,1,
101735,100837,K028,Széher út,1,
101736,100837,K108,Széher út,0,
101737,100838,K029,Széll Kálmán tér M,1,
101738,100839,R828,"Solymár, PEMÜ",0,
101739,100839,R842,Templom tér,1,
101740,100839,R844,"Solymár, PEMÜ",0,
101741,100840,V047,"Zugliget, Libegő",1,
101742,100841,S534,Budagyöngye,0,
101743,100841,V048,Nyugati pályaudvar M,1,
101744,100842,L667,Dunaharaszti külső,0,
101745,100842,L678,Közvágóhíd,0,
101746,100842,L679,Közvágóhíd,0,
101747,100842,1230,Közvágóhíd,0,
101748,100842,L655,Közvágóhíd,0,
101749,100842,L656,Közvágóhíd,0,
101750,100842,L657,Közvágóhíd,1,
101751,100842,L658,Közvágóhíd,0,
101752,100842,L659,Közvágóhíd,0,
101753,100842,L668,Dunaharaszti külső,0,
101754,100842,L669,Dunaharaszti külső,0,
101755,100843,L681,Közvágóhíd,0,
101756,100843,2268,Közvágóhíd,0,
101757,100843,L637,Dunaharaszti külső,0,
101758,100843,L672,Közvágóhíd,1,
101759,100843,L675,Dunaharaszti külső,0,
101760,100844,S203,"Újpest, Árpád út",0,
101761,100844,T008,Jászai Mari tér (Margit híd),0,
101762,100844,U782,"Újpest, Árpád út",1,
101763,100844,U784,Jászai Mari tér (Margit híd),0,
101764,100845,S201,Egyetemváros - A38,0,
101765,100845,U783,Haller utca,1,
101766,100846,H963,Centenáriumi ltp.(Margit utca),0,
101767,100846,X133,Budapesti út,1,
101768,100847,D366,Budapesti út,0,
101769,100847,O804,Sasvár utca,0,
101770,100847,X132,Örs vezér tere M+H,1,
101771,100848,M762,BILK bekötőút,1,
101772,100848,P927,"Soroksár, BILK",0,
101773,100849,M763,Határ út M,1,
101774,100849,P923,"Soroksár, központi raktárak",0,
101775,100850,R828,"Solymár, PEMÜ",1,
101776,100851,R829,Hűvösvölgy,1,
101777,100852,1229,Ráckeve 2. vágány,1,
101778,100852,L650,Ráckeve 2. vágány,0,
101779,100852,L651,Ráckeve 2. vágány,0,
101780,100852,L652,Ráckeve 2. vágány,0,
101781,100852,L653,Ráckeve 2. vágány,0,
101782,100852,L654,Ráckeve 2. vágány,0,
101783,100852,L661,Ráckeve 2. vágány,0,
101784,100852,N941,Ráckeve 2. vágány,0,
101785,100853,1230,Közvágóhíd,1,
101786,100853,L655,Közvágóhíd,0,
101787,100853,L656,Közvágóhíd,0,
101788,100853,L657,Közvágóhíd,0,
101789,100853,L658,Közvágóhíd,0,
101790,100853,L659,Közvágóhíd,0,
101791,100853,L668,Dunaharaszti külső,0,
101792,100853,L669,Dunaharaszti külső,0,
101793,100854,2267,Tököl,0,
101794,100854,L635,Tököl,0,
101795,100854,L670,Tököl,1,
101796,100854,L671,Tököl,0,
101797,100854,L674,Tököl,0,
101798,100855,2268,Közvágóhíd,1,
101799,100855,L672,Közvágóhíd,0,
101800,100855,L673,Közvágóhíd,0,
101801,100855,L675,Dunaharaszti külső,0,
101802,100856,H963,Centenáriumi ltp.(Margit utca),0,
101803,100856,X133,Budapesti út,0,
101804,100856,G140,Budapesti út,1,
101805,100857,S136,Vend utca,0,
101806,100857,X571,Nyugati pályaudvar M,1,
101807,100858,X573,Széll Kálmán tér M,1,
101808,100859,0154,"Kistarcsa, kórház H",1,
101809,100859,0285,Bökényföldi út,0,
101810,100859,O287,Auchan Liget,0,
101811,100860,0155,Rákosszentmihály vasútállomás,1,
101812,100860,6832,Rákosszentmihály vasútállomás,0,
101813,100860,J798,Rákosszentmihály vasútállomás,0,
101814,100861,W967,"Káposztásmegyer, Mogyoródi-patak",1,
101815,100862,W965,Újpest-Városkapu M,1,
101816,100863,X534,Bölöni György utca / Széher út,1,
101817,100863,X538,Bölöni György utca / Széher út,0,
101818,100864,X535,Széll Kálmán tér M,1,
101819,100865,X574,"Zugliget, Libegő",1,
101820,100866,S534,Budagyöngye,0,
101821,100866,X575,Nyugati pályaudvar M,1,
101822,100867,R859,"Újpest, Árpád út",1,
101823,100867,R861,Jászai Mari tér (Margit híd),0,
101824,100867,T008,Jászai Mari tér (Margit híd),0,
101825,100867,T686,"Újpest, Árpád út",0,
101826,100868,R858,Haller utca,1,
101827,100868,R860,Haller utca,0,
